method,dc_mode,tau,std,inference_valid,baseline_min,negative_fraction,negative_mass,rank,stable_rank,solver,rep,n_rows,n_cols,margin,noise,tau_true,tau_error,pattern,outcome_mode,method_non_neg,std_available,max_negative_magnitude,projected_design_min_eigenvalue,projected_design_condition_number,residual_frobenius_norm,tau_raw,tau_shift
raw,non-convex,0.022679743518544775,0.1600196381843507,True,-0.42149432343979587,0.006944444444444444,0.42149432343979587,2,1.0734901612590653,DebiasConvex,0,12,12,0.05,0.05,-0.2,0.22267974351854478,block,dense,,,,,,,,
nonnegative_svd,non-convex,-0.03611922833205062,,False,0.0,0.0,0.0,3,1.0713086100629154,DebiasConvex,0,12,12,0.05,0.05,-0.2,0.1638807716679494,block,dense,svd,False,-0.0,6.042180722049974,1.0,3.9376735468711743,,
nonnegative_nnmf,non-convex,-0.06732529609043102,,False,0.0,0.0,0.0,2,1.0701435575197917,DebiasConvex,0,12,12,0.05,0.05,-0.2,0.13267470390956898,block,dense,nnmf,False,-0.0,6.238171510497036,1.0,3.9719124169529745,,
final_clip,non-convex,0.010971567867439334,,False,0.0,0.0,0.0,3,1.071970146244309,DebiasConvex,0,12,12,0.05,0.05,-0.2,0.21097156786743934,block,dense,,,,,,,0.022679743518544775,-0.011708175651105442
raw,non-convex,-0.45975383852928586,0.30795779745122737,True,-0.2445211733077266,0.006944444444444444,0.2445211733077266,2,1.0866408869838775,DebiasConvex,1,12,12,0.05,0.05,-0.2,-0.25975383852928585,block,dense,,,,,,,,
nonnegative_svd,non-convex,-0.45975372707327317,,False,0.0,0.0,0.0,3,1.0860639532061203,DebiasConvex,1,12,12,0.05,0.05,-0.2,-0.25975372707327316,block,dense,svd,False,-0.0,4.97432945558845,1.0,9.076582382893855,,
nonnegative_nnmf,non-convex,-0.47420879593427645,,False,0.0,0.0,0.0,2,1.0853959653000567,DebiasConvex,1,12,12,0.05,0.05,-0.2,-0.27420879593427644,block,dense,nnmf,False,-0.0,7.229605377711726,1.0,9.085279655828199,,
final_clip,non-convex,-0.45975383852928586,,False,0.0,0.0,0.0,3,1.086063951780104,DebiasConvex,1,12,12,0.05,0.05,-0.2,-0.25975383852928585,block,dense,,,,,,,-0.45975383852928586,0.0
raw,non-convex,0.06292420369409132,0.2341309777898601,True,-0.5662982563744487,0.1875,6.72533082003797,2,1.7578427912148922,DebiasConvex,0,12,12,0.05,0.05,-0.2,0.2629242036940913,block,intermittent,,,,,,,,
nonnegative_svd,non-convex,-0.21768891000748156,,False,0.0,0.0,0.0,5,1.6781883079465365,DebiasConvex,0,12,12,0.05,0.05,-0.2,-0.017688910007481545,block,intermittent,svd,False,-0.0,1.4697521459307865,1.0,4.782660832774216,,
nonnegative_nnmf,non-convex,-0.22573953446902706,,False,0.0,0.0,0.0,2,1.6746367130823738,DebiasConvex,0,12,12,0.05,0.05,-0.2,-0.025739534469027048,block,intermittent,nnmf,False,-0.0,4.073694478281189,1.0,4.8286337087994955,,
final_clip,non-convex,-0.09470358780294394,,False,0.0,0.0,0.0,7,1.6776664989998633,DebiasConvex,0,12,12,0.05,0.05,-0.2,0.10529641219705607,block,intermittent,,,,,,,0.06292420369409132,-0.15762779149703526
raw,non-convex,0.12186727628050154,0.12146346537670721,True,-1.0412909110298005,0.3958333333333333,12.350650701515775,2,1.1136658299326054,DebiasConvex,1,12,12,0.05,0.05,-0.2,0.32186727628050155,block,intermittent,,,,,,,,
nonnegative_svd,non-convex,-0.14272666025746014,,False,0.0,0.0,0.0,10,1.0654570209300995,DebiasConvex,1,12,12,0.05,0.05,-0.2,0.05727333974253987,block,intermittent,svd,False,-0.0,0.5281599407957928,1.0,3.4225214249608675,,
nonnegative_nnmf,non-convex,-0.24398560190942628,,False,0.0,0.0,0.0,2,1.0833417254952422,DebiasConvex,1,12,12,0.05,0.05,-0.2,-0.04398560190942627,block,intermittent,nnmf,False,-0.0,4.607054446127184,1.0,4.182036930848806,,
final_clip,non-convex,-0.01504920683266984,,False,0.0,0.0,0.0,10,1.0671947939745985,DebiasConvex,1,12,12,0.05,0.05,-0.2,0.18495079316733018,block,intermittent,,,,,,,0.12186727628050154,-0.13691648311317137
raw,non-convex,-0.2586759483919975,0.0987253739028423,True,0.41701688126609815,0.0,0.0,2,1.0349153924573007,DebiasConvex,0,12,12,0.05,0.05,-0.2,-0.05867594839199747,sparse,dense,,,,,,,,
nonnegative_svd,non-convex,-0.25867594874483535,,False,0.41701688132252324,0.0,0.0,2,1.034915392457447,DebiasConvex,0,12,12,0.05,0.05,-0.2,-0.05867594874483534,sparse,dense,svd,False,-0.0,10.926906162271987,1.0,5.6131401762819815,,
nonnegative_nnmf,non-convex,-0.2589613340438066,,False,0.44646374672700184,0.0,0.0,2,1.0348206106259452,DebiasConvex,0,12,12,0.05,0.05,-0.2,-0.0589613340438066,sparse,dense,nnmf,False,-0.0,10.925712588727947,1.0,5.613252383555483,,
final_clip,non-convex,-0.2586759483919975,,False,0.41701688126609815,0.0,0.0,2,1.0349153924573007,DebiasConvex,0,12,12,0.05,0.05,-0.2,-0.05867594839199747,sparse,dense,,,,,,,-0.2586759483919975,0.0
raw,non-convex,-0.17985163911570648,0.10762441986716483,True,0.027418052027783357,0.0,0.0,2,1.0627964512826664,DebiasConvex,1,12,12,0.05,0.05,-0.2,0.02014836088429353,sparse,dense,,,,,,,,
nonnegative_svd,non-convex,-0.17985164008699162,,False,0.027418052229794432,0.0,0.0,2,1.062796451270819,DebiasConvex,1,12,12,0.05,0.05,-0.2,0.020148359913008396,sparse,dense,svd,False,-0.0,15.88623697465133,1.0,3.987843423530928,,
nonnegative_nnmf,non-convex,-0.17987737471277157,,False,0.027233401002058007,0.0,0.0,2,1.0627847458324393,DebiasConvex,1,12,12,0.05,0.05,-0.2,0.02012262528722844,sparse,dense,nnmf,False,-0.0,15.886440965326628,1.0,3.9878440904753627,,
final_clip,non-convex,-0.17985163911570648,,False,0.027418052027783357,0.0,0.0,2,1.0627964512826664,DebiasConvex,1,12,12,0.05,0.05,-0.2,0.02014836088429353,sparse,dense,,,,,,,-0.17985163911570648,0.0
raw,non-convex,0.022591125227539376,0.17799569630309342,True,-0.2965098838203636,0.24305555555555555,2.4331023705652024,2,1.5235723338972915,DebiasConvex,0,12,12,0.05,0.05,-0.2,0.22259112522753938,sparse,intermittent,,,,,,,,
nonnegative_svd,non-convex,0.0012557055547788298,,False,0.0,0.0,0.0,11,1.498781374685051,DebiasConvex,0,12,12,0.05,0.05,-0.2,0.20125570555477884,sparse,intermittent,svd,False,-0.0,99396425653.18823,1.0,4.219064080267185,,
nonnegative_nnmf,non-convex,-0.019497634219629478,,False,0.0,0.0,0.0,2,1.492491315897601,DebiasConvex,0,12,12,0.05,0.05,-0.2,0.18050236578037054,sparse,intermittent,nnmf,False,-0.0,12.029097666937847,1.0,4.2742283674438175,,
final_clip,non-convex,0.0099885796463006,,False,0.0,0.0,0.0,10,1.5004551908194932,DebiasConvex,0,12,12,0.05,0.05,-0.2,0.2099885796463006,sparse,intermittent,,,,,,,0.022591125227539376,-0.012602545581238776
raw,non-convex,-0.2641778889659496,0.10918604769874823,True,-0.8267462501760859,0.2013888888888889,6.440865415110016,2,1.300678402690006,DebiasConvex,1,12,12,0.05,0.05,-0.2,-0.06417788896594961,sparse,intermittent,,,,,,,,
nonnegative_svd,non-convex,-0.32166916833655795,,False,0.0,0.0,0.0,8,1.2347677131409456,DebiasConvex,1,12,12,0.05,0.05,-0.2,-0.12166916833655794,sparse,intermittent,svd,False,-0.0,1.522212492144601,1.0,3.8647954170162384,,
nonnegative_nnmf,non-convex,-0.4037993568755285,,False,0.0,0.0,0.0,2,1.2188184752912934,DebiasConvex,1,12,12,0.05,0.05,-0.2,-0.20379935687552847,sparse,intermittent,nnmf,False,-0.0,12.4551543387463,1.0,4.545324722949288,,
final_clip,non-convex,-0.305587648346445,,False,0.0,0.0,0.0,8,1.235466614393189,DebiasConvex,1,12,12,0.05,0.05,-0.2,-0.10558764834644496,sparse,intermittent,,,,,,,-0.2641778889659496,-0.04140975938049535
raw,non-convex,-0.20775351052405577,0.3695659596163683,True,0.909675620559462,0.0,0.0,2,1.0467363096677813,DebiasConvex,0,12,12,0.05,0.05,-0.2,-0.007753510524055762,row,dense,,,,,,,,
nonnegative_svd,non-convex,-0.2077535839830869,,False,0.9096756359549119,0.0,0.0,2,1.0467363089962471,DebiasConvex,0,12,12,0.05,0.05,-0.2,-0.007753583983086898,row,dense,svd,False,-0.0,6.420808900366724,1.0,9.338660614635588,,
nonnegative_nnmf,non-convex,-0.2079195382723613,,False,0.9104588103624357,0.0,0.0,2,1.0467354791698469,DebiasConvex,0,12,12,0.05,0.05,-0.2,-0.007919538272361276,row,dense,nnmf,False,-0.0,6.421098357740693,1.0,9.338662607001334,,
final_clip,non-convex,-0.20775351052405583,,False,0.909675620559462,0.0,0.0,2,1.0467363096677813,DebiasConvex,0,12,12,0.05,0.05,-0.2,-0.007753510524055818,row,dense,,,,,,,-0.20775351052405577,-5.551115123125783e-17
raw,non-convex,-0.44480572448007283,0.18804939478936392,True,0.1539152519551248,0.0,0.0,2,1.0831552632451924,DebiasConvex,1,12,12,0.05,0.05,-0.2,-0.24480572448007282,row,dense,,,,,,,,
nonnegative_svd,non-convex,-0.4448053962423108,,False,0.15391487835000728,0.0,0.0,2,1.0831552691219684,DebiasConvex,1,12,12,0.05,0.05,-0.2,-0.2448053962423108,row,dense,svd,False,-0.0,4.289135332438255,1.0,5.653824169057023,,
nonnegative_nnmf,non-convex,-0.44528556713898837,,False,0.1546178315686211,0.0,0.0,2,1.0831403398680184,DebiasConvex,1,12,12,0.05,0.05,-0.2,-0.24528556713898836,row,dense,nnmf,False,-0.0,4.288419484004914,1.0,5.653825256184171,,
final_clip,non-convex,-0.44480572448007283,,False,0.1539152519551248,0.0,0.0,2,1.0831552632451924,DebiasConvex,1,12,12,0.05,0.05,-0.2,-0.24480572448007282,row,dense,,,,,,,-0.44480572448007283,0.0
raw,non-convex,-0.0004379534157475307,0.07914506525606783,True,-0.5157480306751314,0.22916666666666666,4.589384183973916,2,1.1740997179054549,DebiasConvex,0,12,12,0.05,0.05,-0.2,0.19956204658425247,row,intermittent,,,,,,,,
nonnegative_svd,non-convex,-0.08762656342533051,,False,0.0,0.0,0.0,10,1.153074179307417,DebiasConvex,0,12,12,0.05,0.05,-0.2,0.1123734365746695,row,intermittent,svd,False,-0.0,0.22603325428497495,1.0,2.3753124963243595,,
nonnegative_nnmf,non-convex,-0.09965880363788258,,False,0.0,0.0,0.0,2,1.145495477458126,DebiasConvex,0,12,12,0.05,0.05,-0.2,0.10034119636211743,row,intermittent,nnmf,False,-0.0,18.657779439366983,1.0,2.7116348498238216,,
final_clip,non-convex,-0.06006197518852538,,False,0.0,0.0,0.0,10,1.154626608492005,DebiasConvex,0,12,12,0.05,0.05,-0.2,0.13993802481147463,row,intermittent,,,,,,,-0.0004379534157475307,-0.05962402177277785
raw,non-convex,-0.10021894260283257,0.11446520219480066,True,-0.5284367234085982,0.14583333333333334,5.255779217274703,2,1.6349949461188624,DebiasConvex,1,12,12,0.05,0.05,-0.2,0.09978105739716744,row,intermittent,,,,,,,,
nonnegative_svd,non-convex,-0.14349238828838606,,False,0.0,0.0,0.0,7,1.4449480322063093,DebiasConvex,1,12,12,0.05,0.05,-0.2,0.05650761171161395,row,intermittent,svd,False,-0.0,1.6555795054658837,1.0,4.691032739652103,,
nonnegative_nnmf,non-convex,-0.1771073367099911,,False,0.0,0.0,0.0,2,1.4554034743761555,DebiasConvex,1,12,12,0.05,0.05,-0.2,0.022892663290008913,row,intermittent,nnmf,False,-0.0,10.088026058385193,1.0,5.0058678345571135,,
final_clip,non-convex,-0.11462881332354952,,False,0.0,0.0,0.0,7,1.4505620167953506,DebiasConvex,1,12,12,0.05,0.05,-0.2,0.0853711866764505,row,intermittent,,,,,,,-0.10021894260283257,-0.01440987072071695
raw,non-convex,-0.33677371724052796,0.21028583061431175,True,0.36529681929877267,0.0,0.0,2,1.0514848580474494,DebiasConvex,0,12,12,0.05,0.05,-0.2,-0.13677371724052795,staggered,dense,,,,,,,,
nonnegative_svd,non-convex,-0.3367739144123154,,False,0.36529680695297273,0.0,0.0,2,1.0514848562324288,DebiasConvex,0,12,12,0.05,0.05,-0.2,-0.1367739144123154,staggered,dense,svd,False,-0.0,7.748729783870477,1.0,8.386985818547528,,
nonnegative_nnmf,non-convex,-0.3367854732086129,,False,0.36749582843121814,0.0,0.0,2,1.0514828264900296,DebiasConvex,0,12,12,0.05,0.05,-0.2,-0.1367854732086129,staggered,dense,nnmf,False,-0.0,7.74954413794975,1.0,8.386986799719352,,
final_clip,non-convex,-0.3367737172405279,,False,0.36529681929877267,0.0,0.0,2,1.0514848580474494,DebiasConvex,0,12,12,0.05,0.05,-0.2,-0.1367737172405279,staggered,dense,,,,,,,-0.33677371724052796,5.551115123125783e-17
raw,non-convex,-0.12029014629962119,0.2745896876100059,True,0.06088035427101124,0.0,0.0,2,1.0833530434433896,DebiasConvex,1,12,12,0.05,0.05,-0.2,0.07970985370037882,staggered,dense,,,,,,,,
nonnegative_svd,non-convex,-0.12029009910067129,,False,0.06088035478333875,0.0,0.0,2,1.0833530443900206,DebiasConvex,1,12,12,0.05,0.05,-0.2,0.07970990089932872,staggered,dense,svd,False,-0.0,7.676774296742493,1.0,7.748430679764524,,
nonnegative_nnmf,non-convex,-0.12061248733284805,,False,0.06175214532327512,0.0,0.0,2,1.0833374532098814,DebiasConvex,1,12,12,0.05,0.05,-0.2,0.07938751266715197,staggered,dense,nnmf,False,-0.0,7.677000595502542,1.0,7.748431706497368,,
final_clip,non-convex,-0.12029014629962118,,False,0.06088035427101124,0.0,0.0,2,1.0833530434433896,DebiasConvex,1,12,12,0.05,0.05,-0.2,0.07970985370037884,staggered,dense,,,,,,,-0.12029014629962119,1.3877787807814457e-17
raw,non-convex,-0.3977231575375919,0.12613450163959536,True,-0.202918559364142,0.0625,1.031501359382208,2,1.5327822826626916,DebiasConvex,0,12,12,0.05,0.05,-0.2,-0.1977231575375919,staggered,intermittent,,,,,,,,
nonnegative_svd,non-convex,-0.401382782277294,,False,0.0,0.0,0.0,5,1.51450978323433,DebiasConvex,0,12,12,0.05,0.05,-0.2,-0.201382782277294,staggered,intermittent,svd,False,-0.0,6.301068890401684,1.0,5.186940220373644,,
nonnegative_nnmf,non-convex,-0.39098484343600715,,False,0.0,0.0,0.0,2,1.5076938840089487,DebiasConvex,0,12,12,0.05,0.05,-0.2,-0.19098484343600713,staggered,intermittent,nnmf,False,-0.0,13.174743473240033,1.0,5.223466532774032,,
final_clip,non-convex,-0.3988850534225866,,False,0.0,0.0,0.0,5,1.5148241430923415,DebiasConvex,0,12,12,0.05,0.05,-0.2,-0.1988850534225866,staggered,intermittent,,,,,,,-0.3977231575375919,-0.0011618958849947125
raw,non-convex,-0.1821527217160378,0.07159034752797806,True,-0.09139692986085034,0.11805555555555555,0.47854554167281443,2,1.4806046224826268,DebiasConvex,1,12,12,0.05,0.05,-0.2,0.01784727828396221,staggered,intermittent,,,,,,,,
nonnegative_svd,non-convex,-0.20323939070935235,,False,0.0,0.0,0.0,6,1.4725408131883513,DebiasConvex,1,12,12,0.05,0.05,-0.2,-0.0032393907093523355,staggered,intermittent,svd,False,-0.0,1.860348399545066,1.0,3.623175190490943,,
nonnegative_nnmf,non-convex,-0.2128464244183572,,False,0.0,0.0,0.0,2,1.467156270544277,DebiasConvex,1,12,12,0.05,0.05,-0.2,-0.012846424418357177,staggered,intermittent,nnmf,False,-0.0,7.011141094315491,1.0,3.629595811497639,,
final_clip,non-convex,-0.1888414658545591,,False,0.0,0.0,0.0,7,1.4776783433914136,DebiasConvex,1,12,12,0.05,0.05,-0.2,0.011158534145440907,staggered,intermittent,,,,,,,-0.1821527217160378,-0.006688744138521302
raw,non-convex,10.347377598832425,102.84309321422926,True,-6.796673707932374,0.25,208.82980875959026,2,1.5860931647610994,DebiasConvex,0,12,12,0.05,0.05,0.2,10.147377598832426,block,dense,,,,,,,,
nonnegative_svd,non-convex,0.35471809505885027,,False,0.0,0.0,0.0,3,1.0372655279074414,DebiasConvex,0,12,12,0.05,0.05,0.2,0.15471809505885026,block,dense,svd,False,-0.0,7.147345345505213,1.0,4.5396254351396985,,
nonnegative_nnmf,non-convex,0.3532263355842247,,False,0.0,0.0,0.0,2,1.0371498462258075,DebiasConvex,0,12,12,0.05,0.05,0.2,0.15322633558422472,block,dense,nnmf,False,-0.0,8.332217044902649,1.0,4.543928005165257,,
final_clip,non-convex,4.546549577732697,,False,0.0,0.0,0.0,4,1.1483723630310643,DebiasConvex,0,12,12,0.05,0.05,0.2,4.346549577732697,block,dense,,,,,,,10.347377598832425,-5.800828021099728
raw,non-convex,0.25653809978192427,0.17417240061579845,True,0.3001673445775217,0.0,0.0,2,1.0360893078411821,DebiasConvex,1,12,12,0.05,0.05,0.2,0.056538099781924256,block,dense,,,,,,,,
nonnegative_svd,non-convex,0.25653801733132786,,False,0.30016736107348674,0.0,0.0,2,1.0360893074772155,DebiasConvex,1,12,12,0.05,0.05,0.2,0.05653801733132785,block,dense,svd,False,-0.0,8.238229569459623,1.0,5.993333006129371,,
nonnegative_nnmf,non-convex,0.25617551373707226,,False,0.30596675423333913,0.0,0.0,2,1.036072366888483,DebiasConvex,1,12,12,0.05,0.05,0.2,0.05617551373707225,block,dense,nnmf,False,-0.0,8.23786450583819,1.0,5.99334262145082,,
final_clip,non-convex,0.25653809978192427,,False,0.3001673445775217,0.0,0.0,2,1.0360893078411821,DebiasConvex,1,12,12,0.05,0.05,0.2,0.056538099781924256,block,dense,,,,,,,0.25653809978192427,0.0
raw,non-convex,0.35113926245341204,0.0894486256027213,True,-0.5327455439707031,0.2222222222222222,4.890773470366035,2,1.5917744105902474,DebiasConvex,0,12,12,0.05,0.05,0.2,0.15113926245341203,block,intermittent,,,,,,,,
nonnegative_svd,non-convex,0.20422930581320883,,False,0.0,0.0,0.0,9,1.47971925982377,DebiasConvex,0,12,12,0.05,0.05,0.2,0.004229305813208822,block,intermittent,svd,False,-0.0,0.47123994797968344,1.0,3.137920554505166,,
nonnegative_nnmf,non-convex,0.17996054182972318,,False,0.0,0.0,0.0,2,1.4853318030734057,DebiasConvex,0,12,12,0.05,0.05,0.2,-0.02003945817027683,block,intermittent,nnmf,False,-0.0,8.240694812930276,1.0,3.4124689496833374,,
final_clip,non-convex,0.2837864141365173,,False,0.0,0.0,0.0,9,1.4638583258056685,DebiasConvex,0,12,12,0.05,0.05,0.2,0.08378641413651727,block,intermittent,,,,,,,0.35113926245341204,-0.06735284831689475
raw,non-convex,0.17515294009182122,0.18129001492158073,True,-0.27408228921549815,0.10416666666666667,1.816333270723777,2,1.6317856540643414,DebiasConvex,1,12,12,0.05,0.05,0.2,-0.024847059908178787,block,intermittent,,,,,,,,
nonnegative_svd,non-convex,0.14750897809591945,,False,0.0,0.0,0.0,6,1.5928697535554106,DebiasConvex,1,12,12,0.05,0.05,0.2,-0.05249102190408056,block,intermittent,svd,False,-0.0,3.0097552034369732,1.0,5.776325749363043,,
nonnegative_nnmf,non-convex,0.1443570658462855,,False,0.0,0.0,0.0,2,1.590042182976153,DebiasConvex,1,12,12,0.05,0.05,0.2,-0.05564293415371452,block,intermittent,nnmf,False,-0.0,8.088140392387533,1.0,5.827198313361723,,
final_clip,non-convex,0.16721391585690848,,False,0.0,0.0,0.0,6,1.6001676943180887,DebiasConvex,1,12,12,0.05,0.05,0.2,-0.03278608414309153,block,intermittent,,,,,,,0.17515294009182122,-0.007939024234912745
raw,non-convex,0.4060440038055959,0.17943489931626547,True,-0.1593863783138061,0.006944444444444444,0.1593863783138061,2,1.0690094764135725,DebiasConvex,0,12,12,0.05,0.05,0.2,0.2060440038055959,sparse,dense,,,,,,,,
nonnegative_svd,non-convex,0.4060439846602366,,False,0.0,0.0,0.0,3,1.0685483536958813,DebiasConvex,0,12,12,0.05,0.05,0.2,0.2060439846602366,sparse,dense,svd,False,-0.0,11.251621214484736,1.0,7.322630746856257,,
nonnegative_nnmf,non-convex,0.41266100831206376,,False,0.0,0.0,0.0,2,1.068236459148729,DebiasConvex,0,12,12,0.05,0.05,0.2,0.21266100831206375,sparse,dense,nnmf,False,-0.0,13.62795989730635,1.0,7.328373181252444,,
final_clip,non-convex,0.40604400380559597,,False,0.0,0.0,0.0,3,1.068548353903726,DebiasConvex,0,12,12,0.05,0.05,0.2,0.20604400380559595,sparse,dense,,,,,,,0.4060440038055959,5.551115123125783e-17
raw,non-convex,0.4067190070330332,0.14596849735857312,True,0.07786983453312946,0.0,0.0,2,1.0279794651739733,DebiasConvex,1,12,12,0.05,0.05,0.2,0.2067190070330332,sparse,dense,,,,,,,,
nonnegative_svd,non-convex,0.4067190070330332,,False,0.07786983453312946,0.0,0.0,2,1.0279794651739735,DebiasConvex,1,12,12,0.05,0.05,0.2,0.2067190070330332,sparse,dense,svd,False,-0.0,14.64373168588365,1.0,6.264260331388255,,
nonnegative_nnmf,non-convex,0.40675200743102025,,False,0.08179485167470446,0.0,0.0,2,1.0279681866745147,DebiasConvex,1,12,12,0.05,0.05,0.2,0.20675200743102023,sparse,dense,nnmf,False,-0.0,14.64381155495277,1.0,6.264262287346928,,
final_clip,non-convex,0.4067190070330332,,False,0.07786983453312946,0.0,0.0,2,1.0279794651739733,DebiasConvex,1,12,12,0.05,0.05,0.2,0.2067190070330332,sparse,dense,,,,,,,0.4067190070330332,0.0
raw,non-convex,0.2336832019844486,0.1304795100371009,True,-1.2406810302443603,0.18055555555555555,9.668130596814242,2,1.4904775596713646,DebiasConvex,0,12,12,0.05,0.05,0.2,0.0336832019844486,sparse,intermittent,,,,,,,,
nonnegative_svd,non-convex,0.14408152582628608,,False,0.0,0.0,0.0,8,1.317987946597006,DebiasConvex,0,12,12,0.05,0.05,0.2,-0.05591847417371393,sparse,intermittent,svd,False,-0.0,2.8434530197617223,1.0,5.731638358140365,,
nonnegative_nnmf,non-convex,0.07810187935272837,,False,0.0,0.0,0.0,2,1.3719246070596998,DebiasConvex,0,12,12,0.05,0.05,0.2,-0.12189812064727164,sparse,intermittent,nnmf,False,-0.0,10.570741469457776,1.0,6.593989711818481,,
final_clip,non-convex,0.17649957222863155,,False,0.0,0.0,0.0,8,1.315138000346853,DebiasConvex,0,12,12,0.05,0.05,0.2,-0.02350042777136846,sparse,intermittent,,,,,,,0.2336832019844486,-0.05718362975581706
raw,non-convex,0.26056194510301617,0.07574776886282937,True,-0.33277417671566223,0.20833333333333334,2.7169588923370753,2,1.6822464339742722,DebiasConvex,1,12,12,0.05,0.05,0.2,0.06056194510301616,sparse,intermittent,,,,,,,,
nonnegative_svd,non-convex,0.23445757051487254,,False,0.0,0.0,0.0,9,1.6099655368831536,DebiasConvex,1,12,12,0.05,0.05,0.2,0.034457570514872526,sparse,intermittent,svd,False,-0.0,52533681428932.02,1.0,5.077286683064301,,
nonnegative_nnmf,non-convex,0.2149387388663507,,False,0.0,0.0,0.0,2,1.6060647017104566,DebiasConvex,1,12,12,0.05,0.05,0.2,0.014938738866350693,sparse,intermittent,nnmf,False,-0.0,16.96926545038768,1.0,5.152673305440704,,
final_clip,non-convex,0.24093550916060572,,False,0.0,0.0,0.0,9,1.6094273958641077,DebiasConvex,1,12,12,0.05,0.05,0.2,0.040935509160605704,sparse,intermittent,,,,,,,0.26056194510301617,-0.019626435942410453
raw,non-convex,0.29216915632898943,0.22954591479402567,True,0.004232309487163022,0.0,0.0,2,1.0619407096833855,DebiasConvex,0,12,12,0.05,0.05,0.2,0.09216915632898942,row,dense,,,,,,,,
nonnegative_svd,non-convex,0.2921691691846236,,False,0.004232306953322329,0.0,0.0,2,1.061940709801158,DebiasConvex,0,12,12,0.05,0.05,0.2,0.09216916918462359,row,dense,svd,False,-0.0,8.243140923816192,1.0,8.714571432236367,,
nonnegative_nnmf,non-convex,0.29185043344609124,,False,0.0059943352920794404,0.0,0.0,2,1.0619271729937414,DebiasConvex,0,12,12,0.05,0.05,0.2,0.09185043344609123,row,dense,nnmf,False,-0.0,8.242774660007528,1.0,8.714572199606403,,
final_clip,non-convex,0.2921691563289895,,False,0.004232309487163022,0.0,0.0,2,1.0619407096833855,DebiasConvex,0,12,12,0.05,0.05,0.2,0.09216915632898948,row,dense,,,,,,,0.29216915632898943,5.551115123125783e-17
raw,non-convex,0.4197553760095498,0.2497806544690772,True,0.6902165508755256,0.0,0.0,2,1.0767218991784528,DebiasConvex,1,12,12,0.05,0.05,0.2,0.2197553760095498,row,dense,,,,,,,,
nonnegative_svd,non-convex,0.4197555080459333,,False,0.6902165673638727,0.0,0.0,2,1.0767218998331172,DebiasConvex,1,12,12,0.05,0.05,0.2,0.2197555080459333,row,dense,svd,False,-0.0,8.12879243545144,1.0,8.925638493559207,,
nonnegative_nnmf,non-convex,0.4196240797616515,,False,0.6892532756469123,0.0,0.0,2,1.0767192970825612,DebiasConvex,1,12,12,0.05,0.05,0.2,0.2196240797616515,row,dense,nnmf,False,-0.0,8.1278150148286,1.0,8.925638830720107,,
final_clip,non-convex,0.4197553760095498,,False,0.6902165508755256,0.0,0.0,2,1.0767218991784528,DebiasConvex,1,12,12,0.05,0.05,0.2,0.2197553760095498,row,dense,,,,,,,0.4197553760095498,0.0
raw,non-convex,0.30678334589571854,0.12727383434063125,True,-0.1413452354062279,0.09722222222222222,0.742118098060938,2,1.6603912929130034,DebiasConvex,0,12,12,0.05,0.05,0.2,0.10678334589571853,row,intermittent,,,,,,,,
nonnegative_svd,non-convex,0.2902794781362293,,False,0.0,0.0,0.0,6,1.619688984083593,DebiasConvex,0,12,12,0.05,0.05,0.2,0.09027947813622927,row,intermittent,svd,False,-0.0,7.560709367338967,1.0,5.161260117697513,,
nonnegative_nnmf,non-convex,0.22859990022302776,,False,0.0,0.0,0.0,2,1.5812886469019192,DebiasConvex,0,12,12,0.05,0.05,0.2,0.028599900223027747,row,intermittent,nnmf,False,-0.0,9.284255026507052,1.0,5.182956687756803,,
final_clip,non-convex,0.30051396826104254,,False,0.0,0.0,0.0,7,1.6219367683506338,DebiasConvex,0,12,12,0.05,0.05,0.2,0.10051396826104253,row,intermittent,,,,,,,0.30678334589571854,-0.006269377634675999
raw,non-convex,0.25584509668301886,0.11888586622310142,True,-0.23504581825403562,0.1388888888888889,1.4352211932154593,2,1.2575673513937344,DebiasConvex,1,12,12,0.05,0.05,0.2,0.05584509668301885,row,intermittent,,,,,,,,
nonnegative_svd,non-convex,0.22184687496513414,,False,0.0,0.0,0.0,8,1.2515197049883022,DebiasConvex,1,12,12,0.05,0.05,0.2,0.021846874965134128,row,intermittent,svd,False,-0.0,735690867296.0378,1.0,3.515678733874382,,
nonnegative_nnmf,non-convex,0.1949264850841659,,False,0.0,0.0,0.0,2,1.250245861960708,DebiasConvex,1,12,12,0.05,0.05,0.2,-0.005073514915834104,row,intermittent,nnmf,False,-0.0,8.414149896606084,1.0,3.5540147706944962,,
final_clip,non-convex,0.24149608285556998,,False,0.0,0.0,0.0,8,1.2531607856599554,DebiasConvex,1,12,12,0.05,0.05,0.2,0.041496082855569966,row,intermittent,,,,,,,0.25584509668301886,-0.014349013827448881
raw,non-convex,0.17027842080252228,0.14374108675947064,True,-0.030396072370570515,0.006944444444444444,0.030396072370570515,2,1.086399128102051,DebiasConvex,0,12,12,0.05,0.05,0.2,-0.029721579197477727,staggered,dense,,,,,,,,
nonnegative_svd,non-convex,0.17027836974969351,,False,0.0,0.0,0.0,3,1.086296445463576,DebiasConvex,0,12,12,0.05,0.05,0.2,-0.029721630250306497,staggered,dense,svd,False,-0.0,6.189170829046974,1.0,4.106710298812215,,
nonnegative_nnmf,non-convex,0.16999107219419407,,False,0.0,0.0,0.0,2,1.086197479135607,DebiasConvex,0,12,12,0.05,0.05,0.2,-0.03000892780580594,staggered,dense,nnmf,False,-0.0,6.379976774857218,1.0,4.107029392054334,,
final_clip,non-convex,0.1702784208025223,,False,0.0,0.0,0.0,3,1.0862964458363746,DebiasConvex,0,12,12,0.05,0.05,0.2,-0.0297215791974777,staggered,dense,,,,,,,0.17027842080252228,2.7755575615628914e-17
raw,non-convex,0.45996720606972863,0.265353994559964,True,0.3648231673886717,0.0,0.0,2,1.0698770541582503,DebiasConvex,1,12,12,0.05,0.05,0.2,0.2599672060697286,staggered,dense,,,,,,,,
nonnegative_svd,non-convex,0.45996737150119726,,False,0.3648231397376178,0.0,0.0,2,1.069877054697013,DebiasConvex,1,12,12,0.05,0.05,0.2,0.25996737150119725,staggered,dense,svd,False,-0.0,8.177823591428275,1.0,7.1300867277379645,,
nonnegative_nnmf,non-convex,0.4601887455796811,,False,0.3651447420073269,0.0,0.0,2,1.069862464826524,DebiasConvex,1,12,12,0.05,0.05,0.2,0.2601887455796811,staggered,dense,nnmf,False,-0.0,8.180107526230096,1.0,7.1300875492978015,,
final_clip,non-convex,0.4599672060697285,,False,0.3648231673886717,0.0,0.0,2,1.0698770541582503,DebiasConvex,1,12,12,0.05,0.05,0.2,0.2599672060697285,staggered,dense,,,,,,,0.45996720606972863,-1.1102230246251565e-16
raw,non-convex,0.29828606076912245,0.13116332515123902,True,-0.7287235383220416,0.1111111111111111,5.505426760459338,2,1.3289610915750478,DebiasConvex,0,12,12,0.05,0.05,0.2,0.09828606076912244,staggered,intermittent,,,,,,,,
nonnegative_svd,non-convex,0.08442362308917505,,False,0.0,0.0,0.0,6,1.2592913482471084,DebiasConvex,0,12,12,0.05,0.05,0.2,-0.11557637691082497,staggered,intermittent,svd,False,-0.0,2.658181516596269,1.0,4.784727743203723,,
nonnegative_nnmf,non-convex,0.0691033525816777,,False,0.0,0.0,0.0,2,1.25501958820057,DebiasConvex,0,12,12,0.05,0.05,0.2,-0.1308966474183223,staggered,intermittent,nnmf,False,-0.0,7.435052557443183,1.0,5.132814940839439,,
final_clip,non-convex,0.24145943369143597,,False,0.0,0.0,0.0,6,1.2600517710101649,DebiasConvex,0,12,12,0.05,0.05,0.2,0.041459433691435954,staggered,intermittent,,,,,,,0.29828606076912245,-0.05682662707768649
raw,non-convex,0.07975771023688154,0.22875071505967495,True,-0.281416527805058,0.08333333333333333,2.1581929636799204,2,1.5227285647468751,DebiasConvex,1,12,12,0.05,0.05,0.2,-0.12024228976311847,staggered,intermittent,,,,,,,,
nonnegative_svd,non-convex,0.008468413820124424,,False,0.0,0.0,0.0,5,1.435316988869756,DebiasConvex,1,12,12,0.05,0.05,0.2,-0.1915315861798756,staggered,intermittent,svd,False,-0.0,1.2209675182666975,1.0,6.041708281064168,,
nonnegative_nnmf,non-convex,-0.00014180982068219924,,False,0.0,0.0,0.0,2,1.432494910011165,DebiasConvex,1,12,12,0.05,0.05,0.2,-0.20014180982068222,staggered,intermittent,nnmf,False,-0.0,4.961531797682495,1.0,6.107825930836545,,
final_clip,non-convex,0.06708017035450475,,False,0.0,0.0,0.0,5,1.455526978744422,DebiasConvex,1,12,12,0.05,0.05,0.2,-0.13291982964549526,staggered,intermittent,,,,,,,0.07975771023688154,-0.012677539882376784
raw,non-convex,-0.12643452892729445,0.25012049213281345,True,1.1522088932817613,0.0,0.0,2,1.0477999382831404,DebiasConvex,0,12,12,0.05,0.2,-0.2,0.07356547107270556,block,dense,,,,,,,,
nonnegative_svd,non-convex,-0.12643456938444358,,False,1.1522088801590509,0.0,0.0,2,1.047799938065237,DebiasConvex,0,12,12,0.05,0.2,-0.2,0.07356543061555643,block,dense,svd,False,-0.0,9.26546548906592,1.0,9.18830968066469,,
nonnegative_nnmf,non-convex,-0.1336126755109967,,False,1.149832126663633,0.0,0.0,2,1.047775856251384,DebiasConvex,0,12,12,0.05,0.2,-0.2,0.06638732448900331,block,dense,nnmf,False,-0.0,9.239933704094717,1.0,9.1885362257908,,
final_clip,non-convex,-0.12643452892729448,,False,1.1522088932817613,0.0,0.0,2,1.0477999382831404,DebiasConvex,0,12,12,0.05,0.2,-0.2,0.07356547107270553,block,dense,,,,,,,-0.12643452892729445,-2.7755575615628914e-17
raw,non-convex,1.0907858576118892,0.22438466578762337,True,0.5288447997507963,0.0,0.0,2,1.057209201861881,DebiasConvex,1,12,12,0.05,0.2,-0.2,1.2907858576118891,block,dense,,,,,,,,
nonnegative_svd,non-convex,1.0907860080042928,,False,0.5288447847333522,0.0,0.0,2,1.0572092047084105,DebiasConvex,1,12,12,0.05,0.2,-0.2,1.2907860080042928,block,dense,svd,False,-0.0,7.070056273545923,1.0,7.110090708573398,,
nonnegative_nnmf,non-convex,1.0909652784229196,,False,0.5290184116377059,0.0,0.0,2,1.0572120082663163,DebiasConvex,1,12,12,0.05,0.2,-0.2,1.2909652784229195,block,dense,nnmf,False,-0.0,7.069862687800347,1.0,7.11009116164011,,
final_clip,non-convex,1.0907858576118892,,False,0.5288447997507963,0.0,0.0,2,1.057209201861881,DebiasConvex,1,12,12,0.05,0.2,-0.2,1.2907858576118891,block,dense,,,,,,,1.0907858576118892,0.0
raw,non-convex,-0.2949069576073832,0.15754669122181372,True,-0.39222337523578865,0.09722222222222222,1.8049460082634925,2,1.288265559295451,DebiasConvex,0,12,12,0.05,0.2,-0.2,-0.09490695760738321,block,intermittent,,,,,,,,
nonnegative_svd,non-convex,-0.3385337045611783,,False,0.0,0.0,0.0,7,1.2730195760656442,DebiasConvex,0,12,12,0.05,0.2,-0.2,-0.1385337045611783,block,intermittent,svd,False,-0.0,1.5169440288487253,1.0,3.9083583085791624,,
nonnegative_nnmf,non-convex,-0.3585273660666337,,False,0.0,0.0,0.0,2,1.2630951201022629,DebiasConvex,0,12,12,0.05,0.2,-0.2,-0.1585273660666337,block,intermittent,nnmf,False,-0.0,4.989596382477965,1.0,3.9896234681579332,,
final_clip,non-convex,-0.30374793617976487,,False,0.0,0.0,0.0,7,1.2702422079078177,DebiasConvex,0,12,12,0.05,0.2,-0.2,-0.10374793617976485,block,intermittent,,,,,,,-0.2949069576073832,-0.008840978572381641
raw,non-convex,-0.09028695076423389,0.08862808882092504,True,-0.42817807962817245,0.2013888888888889,5.912289876155069,2,1.3974995986389662,DebiasConvex,1,12,12,0.05,0.2,-0.2,0.10971304923576612,block,intermittent,,,,,,,,
nonnegative_svd,non-convex,-0.15477736026921768,,False,0.0,0.0,0.0,9,1.3557826029211661,DebiasConvex,1,12,12,0.05,0.2,-0.2,0.04522263973078233,block,intermittent,svd,False,-0.0,1.4271513672418419,1.0,4.88879023142852,,
nonnegative_nnmf,non-convex,-0.20324156046751307,,False,0.0,0.0,0.0,2,1.3376032254266759,DebiasConvex,1,12,12,0.05,0.2,-0.2,-0.0032415604675130605,block,intermittent,nnmf,False,-0.0,12.400999663420375,1.0,5.266692347977401,,
final_clip,non-convex,-0.12133922984042471,,False,0.0,0.0,0.0,9,1.360167432341908,DebiasConvex,1,12,12,0.05,0.2,-0.2,0.0786607701595753,block,intermittent,,,,,,,-0.09028695076423389,-0.03105227907619082
raw,non-convex,-0.1360299945843221,0.12587488332260477,True,-0.39001393501669845,0.006944444444444444,0.39001393501669845,2,1.0597225289911847,DebiasConvex,0,12,12,0.05,0.2,-0.2,0.0639700054156779,sparse,dense,,,,,,,,
nonnegative_svd,non-convex,-0.13603000131514426,,False,0.0,0.0,0.0,3,1.0579720316507988,DebiasConvex,0,12,12,0.05,0.2,-0.2,0.06396999868485576,sparse,dense,svd,False,-0.0,8.802474422882705,1.0,5.939048479459061,,
nonnegative_nnmf,non-convex,-0.15524146966544308,,False,0.0,0.0,0.0,2,1.0566673903224701,DebiasConvex,0,12,12,0.05,0.2,-0.2,0.04475853033455693,sparse,dense,nnmf,False,-0.0,11.929583116031012,1.0,5.969357317468302,,
final_clip,non-convex,-0.1360299945843221,,False,0.0,0.0,0.0,3,1.0579720317975354,DebiasConvex,0,12,12,0.05,0.2,-0.2,0.0639700054156779,sparse,dense,,,,,,,-0.1360299945843221,0.0
raw,non-convex,-0.3796305336499283,0.10570090204551716,True,-0.6706209462317307,0.006944444444444444,0.6706209462317307,2,1.0577643430953272,DebiasConvex,1,12,12,0.05,0.2,-0.2,-0.17963053364992831,sparse,dense,,,,,,,,
nonnegative_svd,non-convex,-0.3796305336499283,,False,0.0,0.0,0.0,3,1.0566522201346804,DebiasConvex,1,12,12,0.05,0.2,-0.2,-0.17963053364992831,sparse,dense,svd,False,-0.0,10.073353417865228,1.0,8.327829999601807,,
nonnegative_nnmf,non-convex,-0.3804421702961525,,False,0.0,0.0,0.0,2,1.055735065866346,DebiasConvex,1,12,12,0.05,0.2,-0.2,-0.1804421702961525,sparse,dense,nnmf,False,-0.0,12.954952437795257,1.0,8.397569438652182,,
final_clip,non-convex,-0.3796305336499283,,False,0.0,0.0,0.0,3,1.0566522201346806,DebiasConvex,1,12,12,0.05,0.2,-0.2,-0.17963053364992831,sparse,dense,,,,,,,-0.3796305336499283,0.0
raw,non-convex,-0.0351168857485104,0.08931836648278324,True,-0.3592884666777025,0.08333333333333333,1.0317997221794744,2,1.2573202711481104,DebiasConvex,0,12,12,0.05,0.2,-0.2,0.1648831142514896,sparse,intermittent,,,,,,,,
nonnegative_svd,non-convex,-0.036721305086892315,,False,0.0,0.0,0.0,7,1.244980715331768,DebiasConvex,0,12,12,0.05,0.2,-0.2,0.1632786949131077,sparse,intermittent,svd,False,-0.0,1.2966687858556596,1.0,3.8257281846224167,,
nonnegative_nnmf,non-convex,-0.08174789611592749,,False,0.0,0.0,0.0,2,1.228168941595861,DebiasConvex,0,12,12,0.05,0.2,-0.2,0.11825210388407252,sparse,intermittent,nnmf,False,-0.0,9.551769525524925,1.0,3.8696206748121713,,
final_clip,non-convex,-0.03618395810431078,,False,0.0,0.0,0.0,7,1.2450049493804025,DebiasConvex,0,12,12,0.05,0.2,-0.2,0.16381604189568924,sparse,intermittent,,,,,,,-0.0351168857485104,-0.0010670723558003775
raw,non-convex,-0.18337583868612997,0.08360322216861696,True,-0.342893484300838,0.14583333333333334,2.619958166707409,2,1.7338244427928817,DebiasConvex,1,12,12,0.05,0.2,-0.2,0.01662416131387004,sparse,intermittent,,,,,,,,
nonnegative_svd,non-convex,-0.19338932522064928,,False,0.0,0.0,0.0,8,1.6442418101332117,DebiasConvex,1,12,12,0.05,0.2,-0.2,0.006610674779350734,sparse,intermittent,svd,False,-0.0,2.987423672560702,1.0,4.774301032281181,,
nonnegative_nnmf,non-convex,-0.20900362951496554,,False,0.0,0.0,0.0,2,1.61119762788555,DebiasConvex,1,12,12,0.05,0.2,-0.2,-0.009003629514965528,sparse,intermittent,nnmf,False,-0.0,18.668475659005118,1.0,4.8759824309417565,,
final_clip,non-convex,-0.19022131766365552,,False,0.0,0.0,0.0,8,1.6451116836197208,DebiasConvex,1,12,12,0.05,0.2,-0.2,0.00977868233634449,sparse,intermittent,,,,,,,-0.18337583868612997,-0.006845478977525549
raw,non-convex,-0.4670584593607901,0.21078072753081917,True,0.18840269505735163,0.0,0.0,2,1.10368767446475,DebiasConvex,0,12,12,0.05,0.2,-0.2,-0.2670584593607901,row,dense,,,,,,,,
nonnegative_svd,non-convex,-0.4670585982211048,,False,0.18840265607236395,0.0,0.0,2,1.1036876718120865,DebiasConvex,0,12,12,0.05,0.2,-0.2,-0.2670585982211048,row,dense,svd,False,-0.0,8.741240175851917,1.0,7.2939125454022165,,
nonnegative_nnmf,non-convex,-0.46713687189782027,,False,0.19046708247882024,0.0,0.0,2,1.1036765635731036,DebiasConvex,0,12,12,0.05,0.2,-0.2,-0.26713687189782026,row,dense,nnmf,False,-0.0,8.741126605362828,1.0,7.293913292621689,,
final_clip,non-convex,-0.46705845936079016,,False,0.18840269505735163,0.0,0.0,2,1.10368767446475,DebiasConvex,0,12,12,0.05,0.2,-0.2,-0.26705845936079015,row,dense,,,,,,,-0.4670584593607901,-5.551115123125783e-17
raw,non-convex,0.025177864092607766,0.23698987816104652,True,0.005042880119454196,0.0,0.0,2,1.0279767163611058,DebiasConvex,1,12,12,0.05,0.2,-0.2,0.2251778640926078,row,dense,,,,,,,,
nonnegative_svd,non-convex,0.02517788256011767,,False,0.005042876448569267,0.0,0.0,2,1.0279767164130198,DebiasConvex,1,12,12,0.05,0.2,-0.2,0.22517788256011767,row,dense,svd,False,-0.0,8.400775467957235,1.0,7.604702080189987,,
nonnegative_nnmf,non-convex,0.0226618828847456,,False,0.0934944249196651,0.0,0.0,2,1.0277443826228057,DebiasConvex,1,12,12,0.05,0.2,-0.2,0.22266188288474562,row,dense,nnmf,False,-0.0,8.401069581654232,1.0,7.605436612464908,,
final_clip,non-convex,0.025177864092607766,,False,0.005042880119454196,0.0,0.0,2,1.0279767163611058,DebiasConvex,1,12,12,0.05,0.2,-0.2,0.2251778640926078,row,dense,,,,,,,0.025177864092607766,0.0
raw,non-convex,-0.06224839299793422,0.08252104928539261,True,-0.8598787313764719,0.18055555555555555,4.954587510253068,2,1.363464694990381,DebiasConvex,0,12,12,0.05,0.2,-0.2,0.1377516070020658,row,intermittent,,,,,,,,
nonnegative_svd,non-convex,-0.14973603199691654,,False,0.0,0.0,0.0,8,1.2674256280424157,DebiasConvex,0,12,12,0.05,0.2,-0.2,0.05026396800308347,row,intermittent,svd,False,-0.0,1.8450489791567886,1.0,4.128780748345343,,
nonnegative_nnmf,non-convex,-0.24108616598931082,,False,0.0,0.0,0.0,2,1.2560585803540207,DebiasConvex,0,12,12,0.05,0.2,-0.2,-0.04108616598931081,row,intermittent,nnmf,False,-0.0,14.654947155339526,1.0,4.4528725095424475,,
final_clip,non-convex,-0.11215221820909539,,False,0.0,0.0,0.0,7,1.2677314559670043,DebiasConvex,0,12,12,0.05,0.2,-0.2,0.08784778179090462,row,intermittent,,,,,,,-0.06224839299793422,-0.04990382521116117
raw,non-convex,0.03551179323781562,0.06269094936172098,True,-0.7688357161865106,0.2569444444444444,8.527692348844221,2,1.1323376021478984,DebiasConvex,1,12,12,0.05,0.2,-0.2,0.23551179323781563,row,intermittent,,,,,,,,
nonnegative_svd,non-convex,-0.20260992712897122,,False,0.0,0.0,0.0,8,1.108109046137224,DebiasConvex,1,12,12,0.05,0.2,-0.2,-0.0026099271289712067,row,intermittent,svd,False,-0.0,0.38503140854055184,1.0,3.251434510892472,,
nonnegative_nnmf,non-convex,-0.2872312957320395,,False,0.0,0.0,0.0,2,1.1079642626169748,DebiasConvex,1,12,12,0.05,0.2,-0.2,-0.08723129573203947,row,intermittent,nnmf,False,-0.0,5.972574819976057,1.0,3.5931907051965895,,
final_clip,non-convex,-0.07108665446507743,,False,0.0,0.0,0.0,8,1.0859622177127624,DebiasConvex,1,12,12,0.05,0.2,-0.2,0.12891334553492256,row,intermittent,,,,,,,0.03551179323781562,-0.10659844770289306
raw,non-convex,-0.0847126807679935,0.17367473923602766,True,-0.041777995338507345,0.006944444444444444,0.041777995338507345,2,1.0467536466167682,DebiasConvex,0,12,12,0.05,0.2,-0.2,0.11528731923200651,staggered,dense,,,,,,,,
nonnegative_svd,non-convex,-0.08929536536349811,,False,0.0,0.0,0.0,3,1.0465771509002122,DebiasConvex,0,12,12,0.05,0.2,-0.2,0.1107046346365019,staggered,dense,svd,False,-0.0,6.879020118448073,1.0,6.440057449347772,,
nonnegative_nnmf,non-convex,-0.09151380216866187,,False,0.0,0.0,0.0,2,1.046474197927374,DebiasConvex,0,12,12,0.05,0.2,-0.2,0.10848619783133814,staggered,dense,nnmf,False,-0.0,8.359349997596176,1.0,6.440991438940353,,
final_clip,non-convex,-0.08573165626405464,,False,0.0,0.0,0.0,3,1.0466083786261806,DebiasConvex,0,12,12,0.05,0.2,-0.2,0.11426834373594537,staggered,dense,,,,,,,-0.0847126807679935,-0.001018975496061142
raw,non-convex,-0.12038660247749178,0.22586576288025015,True,0.8235079938782559,0.0,0.0,2,1.0636980148416504,DebiasConvex,1,12,12,0.05,0.2,-0.2,0.07961339752250823,staggered,dense,,,,,,,,
nonnegative_svd,non-convex,-0.12038657561285587,,False,0.8235079924084698,0.0,0.0,2,1.0636980150804989,DebiasConvex,1,12,12,0.05,0.2,-0.2,0.07961342438714414,staggered,dense,svd,False,-0.0,9.498928871007,1.0,7.787487347612163,,
nonnegative_nnmf,non-convex,-0.12134327384591498,,False,0.9345270038005457,0.0,0.0,2,1.063238613960761,DebiasConvex,1,12,12,0.05,0.2,-0.2,0.07865672615408503,staggered,dense,nnmf,False,-0.0,9.496106323373786,1.0,7.788531877389316,,
final_clip,non-convex,-0.12038660247749178,,False,0.8235079938782559,0.0,0.0,2,1.0636980148416504,DebiasConvex,1,12,12,0.05,0.2,-0.2,0.07961339752250823,staggered,dense,,,,,,,-0.12038660247749178,0.0
raw,non-convex,-0.03953610615056883,0.06722886304801905,True,-0.38872486025319236,0.1736111111111111,4.520758208700984,2,1.4943988420560201,DebiasConvex,0,12,12,0.05,0.2,-0.2,0.1604638938494312,staggered,intermittent,,,,,,,,
nonnegative_svd,non-convex,-0.12175954666307398,,False,0.0,0.0,0.0,8,1.4650630957591126,DebiasConvex,0,12,12,0.05,0.2,-0.2,0.07824045333692603,staggered,intermittent,svd,False,-0.0,3.198185542568912,1.0,4.165660848800528,,
nonnegative_nnmf,non-convex,-0.15213259178402477,,False,0.0,0.0,0.0,2,1.4530423757771045,DebiasConvex,0,12,12,0.05,0.2,-0.2,0.04786740821597524,staggered,intermittent,nnmf,False,-0.0,15.35101320594578,1.0,4.2736402989562485,,
final_clip,non-convex,-0.08001540687982917,,False,0.0,0.0,0.0,8,1.4701704491205392,DebiasConvex,0,12,12,0.05,0.2,-0.2,0.11998459312017085,staggered,intermittent,,,,,,,-0.03953610615056883,-0.040479300729260335
raw,non-convex,0.04087628550136311,0.1512135689888594,True,-0.6934921047418747,0.22916666666666666,11.8012160534693,2,1.2407398827200529,DebiasConvex,1,12,12,0.05,0.2,-0.2,0.2408762855013631,staggered,intermittent,,,,,,,,
nonnegative_svd,non-convex,-0.17580665232486165,,False,0.0,0.0,0.0,7,1.2230585480348635,DebiasConvex,1,12,12,0.05,0.2,-0.2,0.024193347675138366,staggered,intermittent,svd,False,-0.0,3.3805178280535335,1.0,6.386725250708582,,
nonnegative_nnmf,non-convex,-0.2595949558324046,,False,0.0,0.0,0.0,2,1.2315986602289102,DebiasConvex,1,12,12,0.05,0.2,-0.2,-0.059594955832404595,staggered,intermittent,nnmf,False,-0.0,10.171641453250274,1.0,6.707128095464842,,
final_clip,non-convex,-0.05219157689138862,,False,0.0,0.0,0.0,7,1.2059567529262099,DebiasConvex,1,12,12,0.05,0.2,-0.2,0.1478084231086114,staggered,intermittent,,,,,,,0.04087628550136311,-0.09306786239275172
raw,non-convex,-0.02688469543981598,0.18921526198923472,True,0.17834822274938356,0.0,0.0,2,1.1040917768476857,DebiasConvex,0,12,12,0.05,0.2,0.2,-0.226884695439816,block,dense,,,,,,,,
nonnegative_svd,non-convex,-0.026884696864312142,,False,0.17834822291862062,0.0,0.0,2,1.1040917768167424,DebiasConvex,0,12,12,0.05,0.2,0.2,-0.22688469686431215,block,dense,svd,False,-0.0,7.95585327644197,1.0,5.9220776742174515,,
nonnegative_nnmf,non-convex,-0.027021443473947353,,False,0.17891538256435677,0.0,0.0,2,1.1040785962280013,DebiasConvex,0,12,12,0.05,0.2,0.2,-0.22702144347394737,block,dense,nnmf,False,-0.0,7.9555759220543365,1.0,5.9220778433978385,,
final_clip,non-convex,-0.02688469543981599,,False,0.17834822274938356,0.0,0.0,2,1.1040917768476857,DebiasConvex,0,12,12,0.05,0.2,0.2,-0.226884695439816,block,dense,,,,,,,-0.02688469543981598,-1.0408340855860843e-17
raw,non-convex,23.590128699482367,39.93073814075313,True,-21.052973443784765,0.25,706.1212503353673,2,1.0511431572385626,DebiasConvex,1,12,12,0.05,0.2,0.2,23.390128699482368,block,dense,,,,,,,,
nonnegative_svd,non-convex,-0.9539801413683204,,False,0.6620887575534162,0.0,0.0,2,1.0759547961027052,DebiasConvex,1,12,12,0.05,0.2,0.2,-1.1539801413683204,block,dense,svd,False,-0.0,2.8793165488262247,1.0,7.802466775457723,,
nonnegative_nnmf,non-convex,-0.9539130152838918,,False,0.666600795181524,0.0,0.0,2,1.075898172416394,DebiasConvex,1,12,12,0.05,0.2,0.2,-1.153913015283892,block,dense,nnmf,False,-0.0,2.879210881331283,1.0,7.802484103836526,,
final_clip,non-convex,3.975649523499941,,False,0.0,0.0,0.0,4,1.1792379995494846,DebiasConvex,1,12,12,0.05,0.2,0.2,3.7756495234999408,block,dense,,,,,,,23.590128699482367,-19.614479175982424
raw,non-convex,0.33734472919634856,0.10057083190652784,True,-0.4465832303644255,0.1736111111111111,3.239282116970493,2,1.6447394891889748,DebiasConvex,0,12,12,0.05,0.2,0.2,0.13734472919634855,block,intermittent,,,,,,,,
nonnegative_svd,non-convex,0.3084361705240622,,False,0.0,0.0,0.0,7,1.5907515096744798,DebiasConvex,0,12,12,0.05,0.2,0.2,0.10843617052406218,block,intermittent,svd,False,-0.0,0.46513224929379104,1.0,4.146919396281977,,
nonnegative_nnmf,non-convex,0.23151230560833022,,False,0.0,0.0,0.0,2,1.5487551234330397,DebiasConvex,0,12,12,0.05,0.2,0.2,0.03151230560833021,block,intermittent,nnmf,False,-0.0,12.781937344993244,1.0,4.249397345452495,,
final_clip,non-convex,0.3229557364811542,,False,0.0,0.0,0.0,8,1.592635131212264,DebiasConvex,0,12,12,0.05,0.2,0.2,0.12295573648115421,block,intermittent,,,,,,,0.33734472919634856,-0.014388992715194338
raw,non-convex,0.19524897356823523,0.09850799117861629,True,-0.5874389505926444,0.1736111111111111,5.4674429185137186,2,1.1768180505733967,DebiasConvex,1,12,12,0.05,0.2,0.2,-0.004751026431764782,block,intermittent,,,,,,,,
nonnegative_svd,non-convex,0.13290495605540903,,False,0.0,0.0,0.0,8,1.158776349490321,DebiasConvex,1,12,12,0.05,0.2,0.2,-0.06709504394459098,block,intermittent,svd,False,-0.0,1.8895560259306983,1.0,5.7441844410276826,,
nonnegative_nnmf,non-convex,0.07242272386832546,,False,0.0,0.0,0.0,2,1.1589073191841288,DebiasConvex,1,12,12,0.05,0.2,0.2,-0.12757727613167455,block,intermittent,nnmf,False,-0.0,11.373053095067174,1.0,5.978927153187124,,
final_clip,non-convex,0.171574923683456,,False,0.0,0.0,0.0,8,1.159421047164735,DebiasConvex,1,12,12,0.05,0.2,0.2,-0.028425076316544007,block,intermittent,,,,,,,0.19524897356823523,-0.023674049884779225
raw,non-convex,0.23794558954618605,0.14782016659788808,True,0.45302445516657386,0.0,0.0,2,1.0508851207928764,DebiasConvex,0,12,12,0.05,0.2,0.2,0.03794558954618604,sparse,dense,,,,,,,,
nonnegative_svd,non-convex,0.23794558954618605,,False,0.45302445516657386,0.0,0.0,2,1.0508851207928767,DebiasConvex,0,12,12,0.05,0.2,0.2,0.03794558954618604,sparse,dense,svd,False,-0.0,10.460957184250969,1.0,5.899027506697999,,
nonnegative_nnmf,non-convex,0.23783281048157245,,False,0.45285681110672843,0.0,0.0,2,1.05087868367867,DebiasConvex,0,12,12,0.05,0.2,0.2,0.03783281048157244,sparse,dense,nnmf,False,-0.0,10.461291035339377,1.0,5.899031655666685,,
final_clip,non-convex,0.23794558954618605,,False,0.45302445516657386,0.0,0.0,2,1.0508851207928764,DebiasConvex,0,12,12,0.05,0.2,0.2,0.03794558954618604,sparse,dense,,,,,,,0.23794558954618605,0.0
raw,non-convex,0.13391223110465203,0.09622629822877317,True,0.5142857039851341,0.0,0.0,2,1.0727585674560824,DebiasConvex,1,12,12,0.05,0.2,0.2,-0.06608776889534798,sparse,dense,,,,,,,,
nonnegative_svd,non-convex,0.13391222445859044,,False,0.5142857043274645,0.0,0.0,2,1.0727585673024265,DebiasConvex,1,12,12,0.05,0.2,0.2,-0.06608777554140957,sparse,dense,svd,False,-0.0,15.252940824664309,1.0,4.133214742621898,,
nonnegative_nnmf,non-convex,0.1331441635822355,,False,0.6923157485210902,0.0,0.0,2,1.071846801662785,DebiasConvex,1,12,12,0.05,0.2,0.2,-0.06685583641776452,sparse,dense,nnmf,False,-0.0,15.244549740674325,1.0,4.14216778233196,,
final_clip,non-convex,0.13391223110465206,,False,0.5142857039851341,0.0,0.0,2,1.0727585674560824,DebiasConvex,1,12,12,0.05,0.2,0.2,-0.06608776889534795,sparse,dense,,,,,,,0.13391223110465203,2.7755575615628914e-17
raw,non-convex,0.4364849199880204,0.11987569460229659,True,-0.6603498167526565,0.25,8.530055991505217,2,1.4460543916999515,DebiasConvex,0,12,12,0.05,0.2,0.2,0.2364849199880204,sparse,intermittent,,,,,,,,
nonnegative_svd,non-convex,0.2896281579169604,,False,0.0,0.0,0.0,11,1.3511850346949243,DebiasConvex,0,12,12,0.05,0.2,0.2,0.08962815791696038,sparse,intermittent,svd,False,-0.0,0.043788589425855194,1.0,5.958240092545556,,
nonnegative_nnmf,non-convex,0.2285773053783292,,False,0.0,0.0,0.0,2,1.345170738546978,DebiasConvex,0,12,12,0.05,0.2,0.2,0.0285773053783292,sparse,intermittent,nnmf,False,-0.0,10.917126161665038,1.0,6.340998799945271,,
final_clip,non-convex,0.3452699830462938,,False,0.0,0.0,0.0,12,1.3504203672278567,DebiasConvex,0,12,12,0.05,0.2,0.2,0.1452699830462938,sparse,intermittent,,,,,,,0.4364849199880204,-0.09121493694172661
raw,non-convex,0.3703620652274862,0.07336360487153377,True,-0.5456841255522107,0.2847222222222222,4.896919700335088,2,1.2475063570242009,DebiasConvex,1,12,12,0.05,0.2,0.2,0.1703620652274862,sparse,intermittent,,,,,,,,
nonnegative_svd,non-convex,0.3170201250739976,,False,0.0,0.0,0.0,9,1.2143121213691161,DebiasConvex,1,12,12,0.05,0.2,0.2,0.11702012507399762,sparse,intermittent,svd,False,-0.0,1.8641626278472216,1.0,4.258706945492277,,
nonnegative_nnmf,non-convex,0.2944213117281351,,False,0.0,0.0,0.0,2,1.2019802700836402,DebiasConvex,1,12,12,0.05,0.2,0.2,0.09442131172813512,sparse,intermittent,nnmf,False,-0.0,15.507041886246789,1.0,4.53117607853095,,
final_clip,non-convex,0.3333026978699567,,False,0.0,0.0,0.0,9,1.2155388618246867,DebiasConvex,1,12,12,0.05,0.2,0.2,0.1333026978699567,sparse,intermittent,,,,,,,0.3703620652274862,-0.037059367357529516
raw,non-convex,0.24782975732244203,0.18516638757246098,True,0.08484864760077127,0.0,0.0,2,1.04943128039429,DebiasConvex,0,12,12,0.05,0.2,0.2,0.04782975732244202,row,dense,,,,,,,,
nonnegative_svd,non-convex,0.24782972114604174,,False,0.08484869065634637,0.0,0.0,2,1.049431279959667,DebiasConvex,0,12,12,0.05,0.2,0.2,0.047829721146041726,row,dense,svd,False,-0.0,5.944355148279301,1.0,5.20686152430017,,
nonnegative_nnmf,non-convex,0.24036671415699118,,False,0.121213032973339,0.0,0.0,2,1.0492273502754186,DebiasConvex,0,12,12,0.05,0.2,0.2,0.04036671415699117,row,dense,nnmf,False,-0.0,5.943943562770759,1.0,5.207013896137849,,
final_clip,non-convex,0.24782975732244206,,False,0.08484864760077127,0.0,0.0,2,1.04943128039429,DebiasConvex,0,12,12,0.05,0.2,0.2,0.047829757322442046,row,dense,,,,,,,0.24782975732244203,2.7755575615628914e-17
raw,non-convex,15.69375831563566,158.95420178630548,True,-11.928769290331706,0.25,374.06586803053307,2,1.3156309312395447,DebiasConvex,1,12,12,0.05,0.2,0.2,15.493758315635661,row,dense,,,,,,,,
nonnegative_svd,non-convex,0.4144935206600092,,False,0.5888865228406628,0.0,0.0,2,1.0441291990985608,DebiasConvex,1,12,12,0.05,0.2,0.2,0.2144935206600092,row,dense,svd,False,-0.0,8.789747369428133,1.0,7.6666923551626995,,
nonnegative_nnmf,non-convex,0.4141865596764807,,False,0.5880585067762822,0.0,0.0,2,1.0441281461326466,DebiasConvex,1,12,12,0.05,0.2,0.2,0.2141865596764807,row,dense,nnmf,False,-0.0,8.788230133244113,1.0,7.666693232797584,,
final_clip,non-convex,5.303039759231966,,False,0.0,0.0,0.0,4,1.133352048937282,DebiasConvex,1,12,12,0.05,0.2,0.2,5.103039759231966,row,dense,,,,,,,15.69375831563566,-10.390718556403694
raw,non-convex,-0.056723371284552265,0.2572542193904926,True,-0.1838928372955705,0.0763888888888889,0.8474646731620801,2,1.4298603788642124,DebiasConvex,0,12,12,0.05,0.2,0.2,-0.25672337128455225,row,intermittent,,,,,,,,
nonnegative_svd,non-convex,-0.1332358694855465,,False,0.0,0.0,0.0,6,1.4342491396369634,DebiasConvex,0,12,12,0.05,0.2,0.2,-0.3332358694855465,row,intermittent,svd,False,-0.0,0.41917071776776954,1.0,6.299736466056659,,
nonnegative_nnmf,non-convex,-0.14488724821172136,,False,0.0,0.0,0.0,2,1.421137440076952,DebiasConvex,0,12,12,0.05,0.2,0.2,-0.34488724821172134,row,intermittent,nnmf,False,-0.0,3.2056187410813974,1.0,6.337389783381003,,
final_clip,non-convex,-0.07200939681212004,,False,0.0,0.0,0.0,7,1.4227982921330213,DebiasConvex,0,12,12,0.05,0.2,0.2,-0.27200939681212005,row,intermittent,,,,,,,-0.056723371284552265,-0.015286025527567776
raw,non-convex,0.3376878979959352,0.1344260891205387,True,-1.5283970790769679,0.14583333333333334,7.645260555633706,2,1.1393721265390664,DebiasConvex,1,12,12,0.05,0.2,0.2,0.13768789799593517,row,intermittent,,,,,,,,
nonnegative_svd,non-convex,0.17056816078368076,,False,0.0,0.0,0.0,8,1.1043398483947704,DebiasConvex,1,12,12,0.05,0.2,0.2,-0.029431839216319255,row,intermittent,svd,False,-0.0,4.673499125593921,1.0,5.522479801879505,,
nonnegative_nnmf,non-convex,0.10907562373330737,,False,0.0,0.0,0.0,2,1.1030771917463582,DebiasConvex,1,12,12,0.05,0.2,0.2,-0.09092437626669264,row,intermittent,nnmf,False,-0.0,11.615024932143985,1.0,6.29582221024147,,
final_clip,non-convex,0.26868474072219445,,False,0.0,0.0,0.0,8,1.1070352194452353,DebiasConvex,1,12,12,0.05,0.2,0.2,0.06868474072219444,row,intermittent,,,,,,,0.3376878979959352,-0.06900315727374073
raw,non-convex,0.061553873966124016,0.31430137445797635,True,0.03415252207618913,0.0,0.0,2,1.0331143886286036,DebiasConvex,0,12,12,0.05,0.2,0.2,-0.138446126033876,staggered,dense,,,,,,,,
nonnegative_svd,non-convex,0.06155386659345082,,False,0.03415253206321811,0.0,0.0,2,1.0331143885788563,DebiasConvex,0,12,12,0.05,0.2,0.2,-0.13844613340654918,staggered,dense,svd,False,-0.0,8.34343685044334,1.0,8.951503539741367,,
nonnegative_nnmf,non-convex,0.061097284041723675,,False,0.03637676403247557,0.0,0.0,2,1.0331085586419535,DebiasConvex,0,12,12,0.05,0.2,0.2,-0.13890271595827633,staggered,dense,nnmf,False,-0.0,8.344001833742887,1.0,8.951504646352257,,
final_clip,non-convex,0.061553873966124,,False,0.03415252207618913,0.0,0.0,2,1.0331143886286036,DebiasConvex,0,12,12,0.05,0.2,0.2,-0.13844612603387602,staggered,dense,,,,,,,0.061553873966124016,-1.3877787807814457e-17
raw,non-convex,0.1512301515436629,0.21718779470030017,True,0.7989532069184375,0.0,0.0,2,1.0388525753791147,DebiasConvex,1,12,12,0.05,0.2,0.2,-0.04876984845633711,staggered,dense,,,,,,,,
nonnegative_svd,non-convex,0.1512302078490748,,False,0.7989532064493772,0.0,0.0,2,1.03885257569867,DebiasConvex,1,12,12,0.05,0.2,0.2,-0.04876979215092522,staggered,dense,svd,False,-0.0,8.762387470324803,1.0,7.62146950719074,,
nonnegative_nnmf,non-convex,0.15092276463163995,,False,0.8032922779754484,0.0,0.0,2,1.0388421324754218,DebiasConvex,1,12,12,0.05,0.2,0.2,-0.04907723536836006,staggered,dense,nnmf,False,-0.0,8.76187983456088,1.0,7.621472185784285,,
final_clip,non-convex,0.15123015154366287,,False,0.7989532069184375,0.0,0.0,2,1.0388525753791147,DebiasConvex,1,12,12,0.05,0.2,0.2,-0.04876984845633714,staggered,dense,,,,,,,0.1512301515436629,-2.7755575615628914e-17
raw,non-convex,0.19268326524970403,0.16227122186250845,True,-0.37980278475506457,0.0763888888888889,1.4072647992267142,2,1.3318207261720774,DebiasConvex,0,12,12,0.05,0.2,0.2,-0.007316734750295983,staggered,intermittent,,,,,,,,
nonnegative_svd,non-convex,0.12370402110511448,,False,0.0,0.0,0.0,7,1.3356891237107713,DebiasConvex,0,12,12,0.05,0.2,0.2,-0.07629597889488553,staggered,intermittent,svd,False,-0.0,1.1876276419517173,1.0,4.071471269591347,,
nonnegative_nnmf,non-convex,0.0836239357418606,,False,0.0,0.0,0.0,2,1.337512762769344,DebiasConvex,0,12,12,0.05,0.2,0.2,-0.11637606425813941,staggered,intermittent,nnmf,False,-0.0,6.086011083837334,1.0,4.131620625912749,,
final_clip,non-convex,0.17706420436197676,,False,0.0,0.0,0.0,7,1.3238106976374833,DebiasConvex,0,12,12,0.05,0.2,0.2,-0.022935795638023254,staggered,intermittent,,,,,,,0.19268326524970403,-0.01561906088772727
raw,non-convex,0.6540037968338457,0.07934011576073147,True,-0.9837416256511659,0.3263888888888889,16.26008792408654,2,1.2385154563956755,DebiasConvex,1,12,12,0.05,0.2,0.2,0.4540037968338457,staggered,intermittent,,,,,,,,
nonnegative_svd,non-convex,0.48942803902254794,,False,0.0,0.0,0.0,8,1.159045336128021,DebiasConvex,1,12,12,0.05,0.2,0.2,0.28942803902254793,staggered,intermittent,svd,False,-0.0,1.2998039692363457,1.0,5.090879590131638,,
nonnegative_nnmf,non-convex,0.39326947621249725,,False,0.0,0.0,0.0,2,1.187347166921867,DebiasConvex,1,12,12,0.05,0.2,0.2,0.19326947621249724,staggered,intermittent,nnmf,False,-0.0,20.442111230446066,1.0,5.994018366332987,,
final_clip,non-convex,0.5213337500842739,,False,0.0,0.0,0.0,9,1.1458839260623859,DebiasConvex,1,12,12,0.05,0.2,0.2,0.32133375008427384,staggered,intermittent,,,,,,,0.6540037968338457,-0.13267004674957183
raw,non-convex,-0.2582307273048167,0.41658383399112564,True,1.4567322019499551,0.0,0.0,2,1.0432379156550537,DebiasConvex,0,12,12,1.0,0.05,-0.2,-0.05823072730481671,block,dense,,,,,,,,
nonnegative_svd,non-convex,-0.2582307120293803,,False,1.4567322002450966,0.0,0.0,2,1.0432379157376095,DebiasConvex,0,12,12,1.0,0.05,-0.2,-0.058230712029380294,block,dense,svd,False,-0.0,7.1403536895730975,1.0,10.53224347833846,,
nonnegative_nnmf,non-convex,-0.2584873716837052,,False,1.4558183141801577,0.0,0.0,2,1.043236789488925,DebiasConvex,0,12,12,1.0,0.05,-0.2,-0.058487371683705214,block,dense,nnmf,False,-0.0,7.14058405134377,1.0,10.532244158795667,,
final_clip,non-convex,-0.2582307273048168,,False,1.4567322019499551,0.0,0.0,2,1.0432379156550537,DebiasConvex,0,12,12,1.0,0.05,-0.2,-0.058230727304816765,block,dense,,,,,,,-0.2582307273048167,-5.551115123125783e-17
raw,non-convex,-0.24898603561531216,0.1585809411179142,True,1.3275019731634825,0.0,0.0,2,1.0328377200764185,DebiasConvex,1,12,12,1.0,0.05,-0.2,-0.048986035615312146,block,dense,,,,,,,,
nonnegative_svd,non-convex,-0.2489859620573489,,False,1.3275019119976625,0.0,0.0,2,1.032837720338462,DebiasConvex,1,12,12,1.0,0.05,-0.2,-0.0489859620573489,block,dense,svd,False,-0.0,8.96933240662051,1.0,6.571985060124546,,
nonnegative_nnmf,non-convex,-0.24929965171555796,,False,1.330907373238042,0.0,0.0,2,1.032825252295964,DebiasConvex,1,12,12,1.0,0.05,-0.2,-0.049299651715557946,block,dense,nnmf,False,-0.0,8.968501006034948,1.0,6.571987826345253,,
final_clip,non-convex,-0.24898603561531216,,False,1.3275019731634825,0.0,0.0,2,1.0328377200764185,DebiasConvex,1,12,12,1.0,0.05,-0.2,-0.048986035615312146,block,dense,,,,,,,-0.24898603561531216,0.0
raw,non-convex,0.014045201570132,0.0737648272980011,True,-0.9256536527666555,0.2638888888888889,11.423398620016822,2,1.2584165396467426,DebiasConvex,0,12,12,1.0,0.05,-0.2,0.21404520157013202,block,intermittent,,,,,,,,
nonnegative_svd,non-convex,-0.2997530487149558,,False,0.0,0.0,0.0,9,1.1756882064265841,DebiasConvex,0,12,12,1.0,0.05,-0.2,-0.09975304871495577,block,intermittent,svd,False,-0.0,0.5741772858884908,1.0,4.968457382214522,,
nonnegative_nnmf,non-convex,-0.2202141538980791,,False,0.0,0.0,0.0,2,1.1839504467020736,DebiasConvex,0,12,12,1.0,0.05,-0.2,-0.020214153898079096,block,intermittent,nnmf,False,-0.0,12.61279728507402,1.0,5.610576038242379,,
final_clip,non-convex,-0.11093646876904387,,False,0.0,0.0,0.0,8,1.175601186261245,DebiasConvex,0,12,12,1.0,0.05,-0.2,0.08906353123095614,block,intermittent,,,,,,,0.014045201570132,-0.12498167033917587
raw,non-convex,-0.21811276762987752,0.05007726553309809,True,-0.11384077064383208,0.1111111111111111,0.4852727098327364,2,1.2030046553278837,DebiasConvex,1,12,12,1.0,0.05,-0.2,-0.018112767629877513,block,intermittent,,,,,,,,
nonnegative_svd,non-convex,-0.21811281459342943,,False,0.0,0.0,0.0,6,1.2022410237987564,DebiasConvex,1,12,12,1.0,0.05,-0.2,-0.01811281459342942,block,intermittent,svd,False,-0.0,2.6865780973785136,1.0,3.0485215099968315,,
nonnegative_nnmf,non-convex,-0.22451182717496035,,False,0.0,0.0,0.0,2,1.2014040745565642,DebiasConvex,1,12,12,1.0,0.05,-0.2,-0.024511827174960338,block,intermittent,nnmf,False,-0.0,6.756302673535753,1.0,3.0562780701355456,,
final_clip,non-convex,-0.21811276762987752,,False,0.0,0.0,0.0,6,1.2022410291330285,DebiasConvex,1,12,12,1.0,0.05,-0.2,-0.018112767629877513,block,intermittent,,,,,,,-0.21811276762987752,0.0
raw,non-convex,-0.08728867457699249,0.2564901945278895,True,1.0990752600889233,0.0,0.0,2,1.0547718081817268,DebiasConvex,0,12,12,1.0,0.05,-0.2,0.11271132542300752,sparse,dense,,,,,,,,
nonnegative_svd,non-convex,-0.087288677966334,,False,1.0990752640295436,0.0,0.0,2,1.054771808169918,DebiasConvex,0,12,12,1.0,0.05,-0.2,0.11271132203366602,sparse,dense,svd,False,-0.0,12.437516305164236,1.0,10.006071430728982,,
nonnegative_nnmf,non-convex,-0.08748140278499161,,False,1.1025512235183879,0.0,0.0,2,1.0547585671438577,DebiasConvex,0,12,12,1.0,0.05,-0.2,0.1125185972150084,sparse,dense,nnmf,False,-0.0,12.43779910175991,1.0,10.006073711597388,,
final_clip,non-convex,-0.0872886745769925,,False,1.0990752600889233,0.0,0.0,2,1.0547718081817268,DebiasConvex,0,12,12,1.0,0.05,-0.2,0.1127113254230075,sparse,dense,,,,,,,-0.08728867457699249,-1.3877787807814457e-17
raw,non-convex,-0.11588036747988884,0.1298210143761569,True,0.8697306914365557,0.0,0.0,2,1.0207580614033926,DebiasConvex,1,12,12,1.0,0.05,-0.2,0.08411963252011118,sparse,dense,,,,,,,,
nonnegative_svd,non-convex,-0.11588036902695543,,False,0.8697306916301915,0.0,0.0,2,1.0207580614071687,DebiasConvex,1,12,12,1.0,0.05,-0.2,0.08411963097304458,sparse,dense,svd,False,-0.0,13.761143920742692,1.0,4.550053184948031,,
nonnegative_nnmf,non-convex,-0.11606649051788022,,False,0.8682785714776744,0.0,0.0,2,1.0207581505264527,DebiasConvex,1,12,12,1.0,0.05,-0.2,0.08393350948211979,sparse,dense,nnmf,False,-0.0,13.761703699062554,1.0,4.550055103891111,,
final_clip,non-convex,-0.11588036747988884,,False,0.8697306914365557,0.0,0.0,2,1.0207580614033926,DebiasConvex,1,12,12,1.0,0.05,-0.2,0.08411963252011118,sparse,dense,,,,,,,-0.11588036747988884,0.0
raw,non-convex,-0.12161367046740382,0.10964881861681872,True,-0.1764516535262971,0.08333333333333333,0.6774369922878895,2,1.6373097996170087,DebiasConvex,0,12,12,1.0,0.05,-0.2,0.0783863295325962,sparse,intermittent,,,,,,,,
nonnegative_svd,non-convex,-0.13336232473653634,,False,0.0,0.0,0.0,7,1.6037583034460543,DebiasConvex,0,12,12,1.0,0.05,-0.2,0.06663767526346367,sparse,intermittent,svd,False,-0.0,6.176271430808283e-16,inf,4.3726401904169885,,
nonnegative_nnmf,non-convex,-0.14999747780589154,,False,0.0,0.0,0.0,2,1.5940803455933885,DebiasConvex,0,12,12,1.0,0.05,-0.2,0.05000252219410847,sparse,intermittent,nnmf,False,-0.0,9.006977518593162,1.0,4.38553452894207,,
final_clip,non-convex,-0.12858882828226084,,False,0.0,0.0,0.0,7,1.6046616608402606,DebiasConvex,0,12,12,1.0,0.05,-0.2,0.07141117171773917,sparse,intermittent,,,,,,,-0.12161367046740382,-0.006975157814857025
raw,non-convex,-0.21752349499623874,0.0825447878679463,True,-0.37399918771599894,0.2361111111111111,2.996820230136542,2,1.5345439370252458,DebiasConvex,1,12,12,1.0,0.05,-0.2,-0.01752349499623873,sparse,intermittent,,,,,,,,
nonnegative_svd,non-convex,-0.2529406533594142,,False,0.0,0.0,0.0,9,1.4865173723441065,DebiasConvex,1,12,12,1.0,0.05,-0.2,-0.05294065335941417,sparse,intermittent,svd,False,-0.0,0.3784040293938804,1.0,2.8885764429552827,,
nonnegative_nnmf,non-convex,-0.27749922445147585,,False,0.0,0.0,0.0,2,1.4735050476515066,DebiasConvex,1,12,12,1.0,0.05,-0.2,-0.07749922445147583,sparse,intermittent,nnmf,False,-0.0,9.745894263077684,1.0,3.085696745985577,,
final_clip,non-convex,-0.2427623101163669,,False,0.0,0.0,0.0,9,1.4886509405871533,DebiasConvex,1,12,12,1.0,0.05,-0.2,-0.042762310116366886,sparse,intermittent,,,,,,,-0.21752349499623874,-0.025238815120128155
raw,non-convex,-0.29728931315518015,0.16215114156710103,True,1.0512043447046349,0.0,0.0,2,1.0322045805726001,DebiasConvex,0,12,12,1.0,0.05,-0.2,-0.09728931315518013,row,dense,,,,,,,,
nonnegative_svd,non-convex,-0.29728944910448923,,False,1.0512043457897304,0.0,0.0,2,1.032204580290444,DebiasConvex,0,12,12,1.0,0.05,-0.2,-0.09728944910448922,row,dense,svd,False,-0.0,7.452627751663094,1.0,5.621573685927957,,
nonnegative_nnmf,non-convex,-0.29732010419327026,,False,1.0523613114186912,0.0,0.0,2,1.032192196147963,DebiasConvex,0,12,12,1.0,0.05,-0.2,-0.09732010419327025,row,dense,nnmf,False,-0.0,7.452990917481376,1.0,5.621578659186674,,
final_clip,non-convex,-0.29728931315518015,,False,1.0512043447046349,0.0,0.0,2,1.0322045805726001,DebiasConvex,0,12,12,1.0,0.05,-0.2,-0.09728931315518013,row,dense,,,,,,,-0.29728931315518015,0.0
raw,non-convex,-0.17670421923246793,0.23341557069966437,True,0.9110130562811962,0.0,0.0,2,1.0640263946486048,DebiasConvex,1,12,12,1.0,0.05,-0.2,0.02329578076753208,row,dense,,,,,,,,
nonnegative_svd,non-convex,-0.17670431699118674,,False,0.9110130811635919,0.0,0.0,2,1.064026393811424,DebiasConvex,1,12,12,1.0,0.05,-0.2,0.023295683008813267,row,dense,svd,False,-0.0,8.875850441030279,1.0,7.664977169486364,,
nonnegative_nnmf,non-convex,-0.17688961247872778,,False,0.9112604844705773,0.0,0.0,2,1.064018599901214,DebiasConvex,1,12,12,1.0,0.05,-0.2,0.02311038752127223,row,dense,nnmf,False,-0.0,8.875987684881128,1.0,7.664979195914427,,
final_clip,non-convex,-0.17670421923246793,,False,0.9110130562811962,0.0,0.0,2,1.0640263946486048,DebiasConvex,1,12,12,1.0,0.05,-0.2,0.02329578076753208,row,dense,,,,,,,-0.17670421923246793,0.0
raw,non-convex,0.07178905932686798,0.1234869189644652,True,-1.178383405309673,0.2569444444444444,11.335048289233221,2,1.1547077094971265,DebiasConvex,0,12,12,1.0,0.05,-0.2,0.271789059326868,row,intermittent,,,,,,,,
nonnegative_svd,non-convex,-0.14460043372817102,,False,0.0,0.0,0.0,8,1.1320515217236915,DebiasConvex,0,12,12,1.0,0.05,-0.2,0.05539956627182899,row,intermittent,svd,False,-0.0,1.0621875404037553,1.0,4.082912109647402,,
nonnegative_nnmf,non-convex,-0.15179646624116186,,False,0.0,0.0,0.0,2,1.130495171604108,DebiasConvex,0,12,12,1.0,0.05,-0.2,0.04820353375883815,row,intermittent,nnmf,False,-0.0,10.982823613038,1.0,5.009189230103666,,
final_clip,non-convex,-0.06873913230318233,,False,0.0,0.0,0.0,9,1.1336630191788986,DebiasConvex,0,12,12,1.0,0.05,-0.2,0.13126086769681766,row,intermittent,,,,,,,0.07178905932686798,-0.14052819163005031
raw,non-convex,-0.23320060106857507,0.11399429154990756,True,-0.21194945917528463,0.0625,0.651237018797873,2,1.6633518593686627,DebiasConvex,1,12,12,1.0,0.05,-0.2,-0.03320060106857506,row,intermittent,,,,,,,,
nonnegative_svd,non-convex,-0.24648722197270304,,False,0.0,0.0,0.0,5,1.6404535884264915,DebiasConvex,1,12,12,1.0,0.05,-0.2,-0.046487221972703024,row,intermittent,svd,False,-0.0,3.130560974343571,1.0,5.228379859115564,,
nonnegative_nnmf,non-convex,-0.24651828352404384,,False,0.0,0.0,0.0,2,1.630187669094217,DebiasConvex,1,12,12,1.0,0.05,-0.2,-0.04651828352404383,row,intermittent,nnmf,False,-0.0,9.047738369031023,1.0,5.244358351185294,,
final_clip,non-convex,-0.23712938798398517,,False,0.0,0.0,0.0,6,1.6415772462556235,DebiasConvex,1,12,12,1.0,0.05,-0.2,-0.03712938798398516,row,intermittent,,,,,,,-0.23320060106857507,-0.0039287869154100985
raw,non-convex,-0.30689796424191673,0.1809317974643304,True,0.7983763507975237,0.0,0.0,2,1.0322621738057238,DebiasConvex,0,12,12,1.0,0.05,-0.2,-0.10689796424191672,staggered,dense,,,,,,,,
nonnegative_svd,non-convex,-0.3068981387058984,,False,0.7983763459555506,0.0,0.0,2,1.0322621737241318,DebiasConvex,0,12,12,1.0,0.05,-0.2,-0.10689813870589837,staggered,dense,svd,False,-0.0,4.7620354381496,1.0,4.23576428051259,,
nonnegative_nnmf,non-convex,-0.3069213722026248,,False,0.7995012719156493,0.0,0.0,2,1.0322510820460866,DebiasConvex,0,12,12,1.0,0.05,-0.2,-0.10692137220262476,staggered,dense,nnmf,False,-0.0,4.761225168183014,1.0,4.2357687309920395,,
final_clip,non-convex,-0.30689796424191673,,False,0.7983763507975237,0.0,0.0,2,1.0322621738057238,DebiasConvex,0,12,12,1.0,0.05,-0.2,-0.10689796424191672,staggered,dense,,,,,,,-0.30689796424191673,0.0
raw,non-convex,0.03360812912955334,0.20267421510832967,True,1.479084168349335,0.0,0.0,2,1.0425009623606272,DebiasConvex,1,12,12,1.0,0.05,-0.2,0.23360812912955337,staggered,dense,,,,,,,,
nonnegative_svd,non-convex,0.03360813489857994,,False,1.4790841616982695,0.0,0.0,2,1.0425009624123707,DebiasConvex,1,12,12,1.0,0.05,-0.2,0.23360813489857996,staggered,dense,svd,False,-0.0,8.0636373005947,1.0,6.517196444400646,,
nonnegative_nnmf,non-convex,0.033379222104393896,,False,1.480579946373482,0.0,0.0,2,1.0424888409513338,DebiasConvex,1,12,12,1.0,0.05,-0.2,0.2333792221043939,staggered,dense,nnmf,False,-0.0,8.063465274279265,1.0,6.517197495121129,,
final_clip,non-convex,0.03360812912955334,,False,1.479084168349335,0.0,0.0,2,1.0425009623606272,DebiasConvex,1,12,12,1.0,0.05,-0.2,0.23360812912955337,staggered,dense,,,,,,,0.03360812912955334,0.0
raw,non-convex,-0.2546373470452422,0.17341577428806992,True,-0.4688597858708181,0.0763888888888889,1.374939369226503,2,1.651296016608318,DebiasConvex,0,12,12,1.0,0.05,-0.2,-0.0546373470452422,staggered,intermittent,,,,,,,,
nonnegative_svd,non-convex,-0.25719726789231623,,False,0.0,0.0,0.0,5,1.5759830795153726,DebiasConvex,0,12,12,1.0,0.05,-0.2,-0.05719726789231622,staggered,intermittent,svd,False,-0.0,3.2292712891877042,1.0,5.4065664414388825,,
nonnegative_nnmf,non-convex,-0.24151065371464628,,False,0.0,0.0,0.0,2,1.5658560704520377,DebiasConvex,0,12,12,1.0,0.05,-0.2,-0.04151065371464627,staggered,intermittent,nnmf,False,-0.0,10.74926708956352,1.0,5.484834757680947,,
final_clip,non-convex,-0.25514235972478033,,False,0.0,0.0,0.0,5,1.576894006056509,DebiasConvex,0,12,12,1.0,0.05,-0.2,-0.05514235972478032,staggered,intermittent,,,,,,,-0.2546373470452422,-0.0005050126795381193
raw,non-convex,0.015818965391439555,0.048177726588182306,True,-0.561134018474622,0.3333333333333333,6.903581417147351,2,1.207970227944568,DebiasConvex,1,12,12,1.0,0.05,-0.2,0.21581896539143958,staggered,intermittent,,,,,,,,
nonnegative_svd,non-convex,-0.14018888061675205,,False,0.0,0.0,0.0,9,1.1680723452453536,DebiasConvex,1,12,12,1.0,0.05,-0.2,0.05981111938324796,staggered,intermittent,svd,False,-0.0,36737340066.39122,1.0,3.444101179865581,,
nonnegative_nnmf,non-convex,-0.15080379519567255,,False,0.0,0.0,0.0,2,1.1649765264721537,DebiasConvex,1,12,12,1.0,0.05,-0.2,0.04919620480432746,staggered,intermittent,nnmf,False,-0.0,17.732013877725326,1.0,3.7005910281930885,,
final_clip,non-convex,-0.09970238363781574,,False,0.0,0.0,0.0,8,1.1716628725140101,DebiasConvex,1,12,12,1.0,0.05,-0.2,0.10029761636218427,staggered,intermittent,,,,,,,0.015818965391439555,-0.11552134902925529
raw,non-convex,-0.5140698428796744,0.1733545555398123,True,2.0041500322251506,0.0,0.0,2,1.0391326900531974,DebiasConvex,0,12,12,1.0,0.05,0.2,-0.7140698428796743,block,dense,,,,,,,,
nonnegative_svd,non-convex,-0.5140695803213085,,False,2.0041499758670236,0.0,0.0,2,1.0391326912766214,DebiasConvex,0,12,12,1.0,0.05,0.2,-0.7140695803213084,block,dense,svd,False,-0.0,7.302871513592194,1.0,5.892634498359041,,
nonnegative_nnmf,non-convex,-0.5145735429919589,,False,2.003759577685905,0.0,0.0,2,1.0391194372048542,DebiasConvex,0,12,12,1.0,0.05,0.2,-0.7145735429919589,block,dense,nnmf,False,-0.0,7.301694041061642,1.0,5.89263846554492,,
final_clip,non-convex,-0.5140698428796743,,False,2.0041500322251506,0.0,0.0,2,1.0391326900531974,DebiasConvex,0,12,12,1.0,0.05,0.2,-0.7140698428796743,block,dense,,,,,,,-0.5140698428796744,1.1102230246251565e-16
raw,non-convex,18.943104043861705,100.35659926715357,True,-13.535246758546378,0.25,475.87865229843965,2,1.291963220603742,DebiasConvex,1,12,12,1.0,0.05,0.2,18.743104043861706,block,dense,,,,,,,,
nonnegative_svd,non-convex,1.0660835340201702,,False,1.6805824037653645,0.0,0.0,2,1.0405890015276669,DebiasConvex,1,12,12,1.0,0.05,0.2,0.8660835340201702,block,dense,svd,False,-0.0,11.849783965718196,1.0,9.831603502051456,,
nonnegative_nnmf,non-convex,1.0660096410929296,,False,1.6835621168594492,0.0,0.0,2,1.0405816766139335,DebiasConvex,1,12,12,1.0,0.05,0.2,0.8660096410929297,block,dense,nnmf,False,-0.0,11.848508154196633,1.0,9.831605435162745,,
final_clip,non-convex,5.7242525911272715,,False,0.0,0.0,0.0,4,1.1196874544249114,DebiasConvex,1,12,12,1.0,0.05,0.2,5.524252591127271,block,dense,,,,,,,18.943104043861705,-13.218851452734434
raw,non-convex,0.4089536644063695,0.08884885255695237,True,-0.8383174716940391,0.2638888888888889,7.744218302261801,2,1.3229664050815937,DebiasConvex,0,12,12,1.0,0.05,0.2,0.20895366440636948,block,intermittent,,,,,,,,
nonnegative_svd,non-convex,0.29445726986513776,,False,0.0,0.0,0.0,10,1.219714814892117,DebiasConvex,0,12,12,1.0,0.05,0.2,0.09445726986513775,block,intermittent,svd,False,-0.0,542863727013.2037,1.0,3.41462541735025,,
nonnegative_nnmf,non-convex,0.24320450605644595,,False,0.0,0.0,0.0,2,1.2385575206852473,DebiasConvex,0,12,12,1.0,0.05,0.2,0.043204506056445935,block,intermittent,nnmf,False,-0.0,13.621640353784073,1.0,4.023421447050121,,
final_clip,non-convex,0.3385211185964578,,False,0.0,0.0,0.0,10,1.217341987672647,DebiasConvex,0,12,12,1.0,0.05,0.2,0.13852111859645777,block,intermittent,,,,,,,0.4089536644063695,-0.0704325458099117
raw,non-convex,0.061267402836203265,0.15327078933789148,True,-0.5841081055287161,0.2361111111111111,5.923453467916214,2,1.1962779952067746,DebiasConvex,1,12,12,1.0,0.05,0.2,-0.13873259716379674,block,intermittent,,,,,,,,
nonnegative_svd,non-convex,0.03776383331160877,,False,0.0,0.0,0.0,11,1.1632614311903964,DebiasConvex,1,12,12,1.0,0.05,0.2,-0.16223616668839125,block,intermittent,svd,False,-0.0,4497140107.767311,1.0,2.9644633808037293,,
nonnegative_nnmf,non-convex,0.018396444538037713,,False,0.0,0.0,0.0,2,1.1555971072682731,DebiasConvex,1,12,12,1.0,0.05,0.2,-0.1816035554619623,block,intermittent,nnmf,False,-0.0,3.1889623941087537,1.0,3.637240629639614,,
final_clip,non-convex,0.058208347598809516,,False,0.0,0.0,0.0,11,1.1655742734293948,DebiasConvex,1,12,12,1.0,0.05,0.2,-0.1417916524011905,block,intermittent,,,,,,,0.061267402836203265,-0.0030590552373937485
raw,non-convex,0.5089106513298607,0.2786389819800004,True,0.9232005077139851,0.0,0.0,2,1.0197167754254897,DebiasConvex,0,12,12,1.0,0.05,0.2,0.3089106513298607,sparse,dense,,,,,,,,
nonnegative_svd,non-convex,0.5089106513298607,,False,0.9232005077139851,0.0,0.0,2,1.0197167754254897,DebiasConvex,0,12,12,1.0,0.05,0.2,0.3089106513298607,sparse,dense,svd,False,-0.0,14.486187683875023,1.0,10.957036743567896,,
nonnegative_nnmf,non-convex,0.508824608231356,,False,0.9197469425647925,0.0,0.0,2,1.0197167025269076,DebiasConvex,0,12,12,1.0,0.05,0.2,0.308824608231356,sparse,dense,nnmf,False,-0.0,14.488239394850973,1.0,10.95704167494583,,
final_clip,non-convex,0.5089106513298607,,False,0.9232005077139851,0.0,0.0,2,1.0197167754254897,DebiasConvex,0,12,12,1.0,0.05,0.2,0.3089106513298607,sparse,dense,,,,,,,0.5089106513298607,0.0
raw,non-convex,0.09778193970277249,0.16185778645666174,True,1.1649457968095294,0.0,0.0,2,1.070186407531776,DebiasConvex,1,12,12,1.0,0.05,0.2,-0.10221806029722752,sparse,dense,,,,,,,,
nonnegative_svd,non-convex,0.09778193932945589,,False,1.1649457969852883,0.0,0.0,2,1.0701864075279346,DebiasConvex,1,12,12,1.0,0.05,0.2,-0.10221806067054412,sparse,dense,svd,False,-0.0,11.828598830599116,1.0,8.609044987162573,,
nonnegative_nnmf,non-convex,0.09766413757806595,,False,1.1695023380113303,0.0,0.0,2,1.070169330387151,DebiasConvex,1,12,12,1.0,0.05,0.2,-0.10233586242193406,sparse,dense,nnmf,False,-0.0,11.829306448784404,1.0,8.60904844575742,,
final_clip,non-convex,0.09778193970277249,,False,1.1649457968095294,0.0,0.0,2,1.070186407531776,DebiasConvex,1,12,12,1.0,0.05,0.2,-0.10221806029722752,sparse,dense,,,,,,,0.09778193970277249,0.0
raw,non-convex,0.37600223108769554,0.09834189818327443,True,-0.7569388172593918,0.2847222222222222,8.466437762760272,2,1.3044905267549325,DebiasConvex,0,12,12,1.0,0.05,0.2,0.17600223108769553,sparse,intermittent,,,,,,,,
nonnegative_svd,non-convex,0.2742635137213743,,False,0.0,0.0,0.0,8,1.2135239166803091,DebiasConvex,0,12,12,1.0,0.05,0.2,0.0742635137213743,sparse,intermittent,svd,False,-0.0,3.9074765737415156,1.0,4.036615009977434,,
nonnegative_nnmf,non-convex,0.24704161483387782,,False,0.0,0.0,0.0,2,1.2398340919140651,DebiasConvex,0,12,12,1.0,0.05,0.2,0.04704161483387781,sparse,intermittent,nnmf,False,-0.0,16.037947967862067,1.0,4.564614261601972,,
final_clip,non-convex,0.301485001104964,,False,0.0,0.0,0.0,7,1.2127573870262252,DebiasConvex,0,12,12,1.0,0.05,0.2,0.101485001104964,sparse,intermittent,,,,,,,0.37600223108769554,-0.07451722998273153
raw,non-convex,0.28265235295716334,0.023304978120332148,True,-0.4026167178033612,0.2916666666666667,2.9802577603935747,2,1.0328278177373735,DebiasConvex,1,12,12,1.0,0.05,0.2,0.08265235295716333,sparse,intermittent,,,,,,,,
nonnegative_svd,non-convex,0.2471824432791699,,False,0.0,0.0,0.0,8,1.0264356002359154,DebiasConvex,1,12,12,1.0,0.05,0.2,0.0471824432791699,sparse,intermittent,svd,False,-0.0,2.4840903817880555,1.0,1.0195605164562214,,
nonnegative_nnmf,non-convex,0.24904424853985607,,False,0.0,0.0,0.0,2,1.0242604147863796,DebiasConvex,1,12,12,1.0,0.05,0.2,0.04904424853985606,sparse,intermittent,nnmf,False,-0.0,18.2488987502052,1.0,1.5527070773068017,,
final_clip,non-convex,0.2563264360976024,,False,0.0,0.0,0.0,10,1.0261707322591413,DebiasConvex,1,12,12,1.0,0.05,0.2,0.056326436097602406,sparse,intermittent,,,,,,,0.28265235295716334,-0.026325916859560927
raw,non-convex,0.03751651559483303,0.27008027987903205,True,1.2219868366617224,0.0,0.0,2,1.0345499770603261,DebiasConvex,0,12,12,1.0,0.05,0.2,-0.16248348440516697,row,dense,,,,,,,,
nonnegative_svd,non-convex,0.03751650297374832,,False,1.221986838329907,0.0,0.0,2,1.0345499769859354,DebiasConvex,0,12,12,1.0,0.05,0.2,-0.1624834970262517,row,dense,svd,False,-0.0,5.883057083571861,1.0,8.311136602546878,,
nonnegative_nnmf,non-convex,0.03780781979264333,,False,1.221290421036362,0.0,0.0,2,1.0345437731802396,DebiasConvex,0,12,12,1.0,0.05,0.2,-0.16219218020735668,row,dense,nnmf,False,-0.0,5.8826159372784685,1.0,8.311139985813632,,
final_clip,non-convex,0.03751651559483303,,False,1.2219868366617224,0.0,0.0,2,1.0345499770603261,DebiasConvex,0,12,12,1.0,0.05,0.2,-0.16248348440516697,row,dense,,,,,,,0.03751651559483303,0.0
raw,non-convex,0.2932157688870113,0.2649014539703704,True,0.7703579785220684,0.0,0.0,2,1.0744371037965108,DebiasConvex,1,12,12,1.0,0.05,0.2,0.09321576888701127,row,dense,,,,,,,,
nonnegative_svd,non-convex,0.2932157147371911,,False,0.770357974262641,0.0,0.0,2,1.0744371033476714,DebiasConvex,1,12,12,1.0,0.05,0.2,0.09321571473719109,row,dense,svd,False,-0.0,7.2301538642223235,1.0,8.134982020615682,,
nonnegative_nnmf,non-convex,0.2931812948086135,,False,0.7719362944522966,0.0,0.0,2,1.074424995900449,DebiasConvex,1,12,12,1.0,0.05,0.2,0.09318129480861348,row,dense,nnmf,False,-0.0,7.230192578857664,1.0,8.13498351378376,,
final_clip,non-convex,0.29321576888701134,,False,0.7703579785220684,0.0,0.0,2,1.0744371037965108,DebiasConvex,1,12,12,1.0,0.05,0.2,0.09321576888701133,row,dense,,,,,,,0.2932157688870113,5.551115123125783e-17
raw,non-convex,0.06297657034411862,0.1691385834022238,True,-0.283302601347313,0.1597222222222222,2.1871308698252694,2,1.5609880056988708,DebiasConvex,0,12,12,1.0,0.05,0.2,-0.13702342965588138,row,intermittent,,,,,,,,
nonnegative_svd,non-convex,0.0629765445858396,,False,0.0,0.0,0.0,8,1.5277621444933784,DebiasConvex,0,12,12,1.0,0.05,0.2,-0.13702345541416042,row,intermittent,svd,False,-0.0,1.7451179343782526,1.0,5.308016415576941,,
nonnegative_nnmf,non-convex,0.050153469669907774,,False,0.0,0.0,0.0,2,1.5211205175823692,DebiasConvex,0,12,12,1.0,0.05,0.2,-0.14984653033009224,row,intermittent,nnmf,False,-0.0,11.35764236158961,1.0,5.382907658023034,,
final_clip,non-convex,0.06297657034411862,,False,0.0,0.0,0.0,8,1.5277621534597845,DebiasConvex,0,12,12,1.0,0.05,0.2,-0.13702342965588138,row,intermittent,,,,,,,0.06297657034411862,0.0
raw,non-convex,0.12494037972467963,0.06708810271159438,True,-0.2270244357091757,0.1527777777777778,1.686280919022313,2,1.2640017642382901,DebiasConvex,1,12,12,1.0,0.05,0.2,-0.07505962027532039,row,intermittent,,,,,,,,
nonnegative_svd,non-convex,0.12494039542798381,,False,0.0,0.0,0.0,8,1.2531846888560552,DebiasConvex,1,12,12,1.0,0.05,0.2,-0.0750596045720162,row,intermittent,svd,False,-0.0,0.5396280843364257,1.0,2.209476973243868,,
nonnegative_nnmf,non-convex,0.12599039312136862,,False,0.0,0.0,0.0,2,1.2508887435778326,DebiasConvex,1,12,12,1.0,0.05,0.2,-0.0740096068786314,row,intermittent,nnmf,False,-0.0,6.373183979197523,1.0,2.316823977636919,,
final_clip,non-convex,0.12494037972467963,,False,0.0,0.0,0.0,8,1.253184686729742,DebiasConvex,1,12,12,1.0,0.05,0.2,-0.07505962027532039,row,intermittent,,,,,,,0.12494037972467963,0.0
raw,non-convex,0.3002727949122189,0.22173234715383414,True,1.0198053290965974,0.0,0.0,2,1.0426379254652,DebiasConvex,0,12,12,1.0,0.05,0.2,0.10027279491221891,staggered,dense,,,,,,,,
nonnegative_svd,non-convex,0.3002728781139095,,False,1.0198053237626556,0.0,0.0,2,1.0426379257962275,DebiasConvex,0,12,12,1.0,0.05,0.2,0.1002728781139095,staggered,dense,svd,False,-0.0,6.3467526668101,1.0,7.160238595421046,,
nonnegative_nnmf,non-convex,0.2998706074411631,,False,1.020183280282323,0.0,0.0,2,1.0426365463396825,DebiasConvex,0,12,12,1.0,0.05,0.2,0.0998706074411631,staggered,dense,nnmf,False,-0.0,6.345224603570528,1.0,7.16023942784011,,
final_clip,non-convex,0.3002727949122189,,False,1.0198053290965974,0.0,0.0,2,1.0426379254652,DebiasConvex,0,12,12,1.0,0.05,0.2,0.10027279491221891,staggered,dense,,,,,,,0.3002727949122189,0.0
raw,non-convex,0.3158366022066236,0.2140253705851924,True,0.9705774839330639,0.0,0.0,2,1.0334536313131664,DebiasConvex,1,12,12,1.0,0.05,0.2,0.11583660220662356,staggered,dense,,,,,,,,
nonnegative_svd,non-convex,0.3158364727306633,,False,0.9705774778614451,0.0,0.0,2,1.0334536309556768,DebiasConvex,1,12,12,1.0,0.05,0.2,0.11583647273066328,staggered,dense,svd,False,-0.0,8.240472316735023,1.0,6.711925291921334,,
nonnegative_nnmf,non-convex,0.3154407736182341,,False,0.9739020736594804,0.0,0.0,2,1.0334452667664202,DebiasConvex,1,12,12,1.0,0.05,0.2,0.11544077361823407,staggered,dense,nnmf,False,-0.0,8.239889764383816,1.0,6.711926815751028,,
final_clip,non-convex,0.3158366022066236,,False,0.9705774839330639,0.0,0.0,2,1.0334536313131664,DebiasConvex,1,12,12,1.0,0.05,0.2,0.11583660220662356,staggered,dense,,,,,,,0.3158366022066236,0.0
raw,non-convex,0.34630029910598964,0.11054931431302654,True,-0.8493305933160201,0.20833333333333334,7.028585409524331,2,1.4043043150477181,DebiasConvex,0,12,12,1.0,0.05,0.2,0.14630029910598963,staggered,intermittent,,,,,,,,
nonnegative_svd,non-convex,0.1976959682455288,,False,0.0,0.0,0.0,8,1.2657502081435528,DebiasConvex,0,12,12,1.0,0.05,0.2,-0.0023040317544712197,staggered,intermittent,svd,False,-0.0,0.6200926400835474,1.0,5.086929505848918,,
nonnegative_nnmf,non-convex,0.2657407527847901,,False,0.0,0.0,0.0,2,1.3109411072576662,DebiasConvex,0,12,12,1.0,0.05,0.2,0.06574075278479008,staggered,intermittent,nnmf,False,-0.0,11.809537695349437,1.0,5.575592485388877,,
final_clip,non-convex,0.3003731789021938,,False,0.0,0.0,0.0,9,1.2840984654906178,DebiasConvex,0,12,12,1.0,0.05,0.2,0.10037317890219377,staggered,intermittent,,,,,,,0.34630029910598964,-0.04592712020379586
raw,non-convex,0.23060176531085266,0.05178046761670718,True,-0.08747757867090206,0.1597222222222222,0.6792923955482055,2,1.3696620317572614,DebiasConvex,1,12,12,1.0,0.05,0.2,0.030601765310852652,staggered,intermittent,,,,,,,,
nonnegative_svd,non-convex,0.22376183225434498,,False,0.0,0.0,0.0,8,1.3692918848770999,DebiasConvex,1,12,12,1.0,0.05,0.2,0.023761832254344972,staggered,intermittent,svd,False,-0.0,2.053110962905143,1.0,3.2732504288287503,,
nonnegative_nnmf,non-convex,0.21357903276180437,,False,0.0,0.0,0.0,2,1.3696096440828056,DebiasConvex,1,12,12,1.0,0.05,0.2,0.01357903276180436,staggered,intermittent,nnmf,False,-0.0,19.399954080685678,1.0,3.284250035696692,,
final_clip,non-convex,0.22685952525786582,,False,0.0,0.0,0.0,9,1.3690530498346531,DebiasConvex,1,12,12,1.0,0.05,0.2,0.026859525257865807,staggered,intermittent,,,,,,,0.23060176531085266,-0.003742240052986845
raw,non-convex,-0.2573863281097246,0.2085991209475072,True,1.1930756915847818,0.0,0.0,2,1.0271786487643306,DebiasConvex,0,12,12,1.0,0.2,-0.2,-0.057386328109724605,block,dense,,,,,,,,
nonnegative_svd,non-convex,-0.2573864338273621,,False,1.1930756478612352,0.0,0.0,2,1.0271786485468104,DebiasConvex,0,12,12,1.0,0.2,-0.2,-0.05738643382736208,block,dense,svd,False,-0.0,6.677614502085919,1.0,8.184568289752443,,
nonnegative_nnmf,non-convex,-0.2570484629694968,,False,1.197637517049636,0.0,0.0,2,1.0271751441612773,DebiasConvex,0,12,12,1.0,0.2,-0.2,-0.05704846296949678,block,dense,nnmf,False,-0.0,6.678548276792819,1.0,8.184570725170873,,
final_clip,non-convex,-0.2573863281097246,,False,1.1930756915847818,0.0,0.0,2,1.0271786487643306,DebiasConvex,0,12,12,1.0,0.2,-0.2,-0.057386328109724605,block,dense,,,,,,,-0.2573863281097246,0.0
raw,non-convex,0.03548584733328895,0.1987393466873359,True,0.4978992005342828,0.0,0.0,2,1.0482376761980985,DebiasConvex,1,12,12,1.0,0.2,-0.2,0.23548584733328898,block,dense,,,,,,,,
nonnegative_svd,non-convex,0.03548585590834914,,False,0.4978992002927436,0.0,0.0,2,1.0482376762647445,DebiasConvex,1,12,12,1.0,0.2,-0.2,0.23548585590834914,block,dense,svd,False,-0.0,8.916477547841813,1.0,7.548617276966947,,
nonnegative_nnmf,non-convex,0.035241492310342175,,False,0.5001358961306768,0.0,0.0,2,1.0482243072536996,DebiasConvex,1,12,12,1.0,0.2,-0.2,0.2352414923103422,block,dense,nnmf,False,-0.0,8.916733747529706,1.0,7.548618676570835,,
final_clip,non-convex,0.03548584733328895,,False,0.4978992005342828,0.0,0.0,2,1.0482376761980985,DebiasConvex,1,12,12,1.0,0.2,-0.2,0.23548584733328898,block,dense,,,,,,,0.03548584733328895,0.0
raw,non-convex,-0.12440933403280437,0.12079279696817899,True,-0.4633842143938296,0.0625,1.413302094052865,2,1.4629103240796022,DebiasConvex,0,12,12,1.0,0.2,-0.2,0.07559066596719564,block,intermittent,,,,,,,,
nonnegative_svd,non-convex,-0.15101768727443352,,False,0.0,0.0,0.0,6,1.429656322683642,DebiasConvex,0,12,12,1.0,0.2,-0.2,0.048982312725566496,block,intermittent,svd,False,-0.0,2.6502093060938225,1.0,7.268547761016237,,
nonnegative_nnmf,non-convex,-0.21235391915024118,,False,0.0,0.0,0.0,2,1.3931238633311946,DebiasConvex,0,12,12,1.0,0.2,-0.2,-0.012353919150241172,block,intermittent,nnmf,False,-0.0,10.20334342515306,1.0,7.36366361731387,,
final_clip,non-convex,-0.13380676826894053,,False,0.0,0.0,0.0,6,1.432081470186278,DebiasConvex,0,12,12,1.0,0.2,-0.2,0.06619323173105948,block,intermittent,,,,,,,-0.12440933403280437,-0.009397434236136162
raw,non-convex,-0.18973986348376215,0.10872218247093832,True,-0.29308077628834983,0.16666666666666666,2.8770838549498854,2,1.712168035341972,DebiasConvex,1,12,12,1.0,0.2,-0.2,0.010260136516237861,block,intermittent,,,,,,,,
nonnegative_svd,non-convex,-0.28247875030548303,,False,0.0,0.0,0.0,7,1.6852363067490896,DebiasConvex,1,12,12,1.0,0.2,-0.2,-0.08247875030548302,block,intermittent,svd,False,-0.0,0.9982251667063217,1.0,3.3373581312145015,,
nonnegative_nnmf,non-convex,-0.33610445679810985,,False,0.0,0.0,0.0,2,1.6575677730110143,DebiasConvex,1,12,12,1.0,0.2,-0.2,-0.13610445679810984,block,intermittent,nnmf,False,-0.0,5.372961023033518,1.0,3.3740437857146333,,
final_clip,non-convex,-0.2187413583756408,,False,0.0,0.0,0.0,9,1.6908791998028916,DebiasConvex,1,12,12,1.0,0.2,-0.2,-0.018741358375640782,block,intermittent,,,,,,,-0.18973986348376215,-0.029001494891878643
raw,non-convex,-0.3730105827339155,0.14354400340285095,True,1.1958259870731305,0.0,0.0,2,1.034435177695035,DebiasConvex,0,12,12,1.0,0.2,-0.2,-0.1730105827339155,sparse,dense,,,,,,,,
nonnegative_svd,non-convex,-0.37301059032974493,,False,1.1958259906444249,0.0,0.0,2,1.034435177747398,DebiasConvex,0,12,12,1.0,0.2,-0.2,-0.17301059032974492,sparse,dense,svd,False,-0.0,13.18285548197907,1.0,3.885241701436222,,
nonnegative_nnmf,non-convex,-0.37291601180754447,,False,1.195333796243121,0.0,0.0,2,1.0344280289030288,DebiasConvex,0,12,12,1.0,0.2,-0.2,-0.17291601180754446,sparse,dense,nnmf,False,-0.0,13.183124019279747,1.0,3.885243159919935,,
final_clip,non-convex,-0.3730105827339155,,False,1.1958259870731305,0.0,0.0,2,1.034435177695035,DebiasConvex,0,12,12,1.0,0.2,-0.2,-0.1730105827339155,sparse,dense,,,,,,,-0.3730105827339155,0.0
raw,non-convex,-0.18263803310477278,0.1274772194827762,True,1.119911376913418,0.0,0.0,2,1.0350373612853665,DebiasConvex,1,12,12,1.0,0.2,-0.2,0.017361966895227232,sparse,dense,,,,,,,,
nonnegative_svd,non-convex,-0.1826380352892879,,False,1.119911376102979,0.0,0.0,2,1.0350373612577193,DebiasConvex,1,12,12,1.0,0.2,-0.2,0.017361964710712108,sparse,dense,svd,False,-0.0,11.66489072627995,1.0,6.414041724423064,,
nonnegative_nnmf,non-convex,-0.18260667942460104,,False,1.1222502396085368,0.0,0.0,2,1.0350263725276112,DebiasConvex,1,12,12,1.0,0.2,-0.2,0.01739332057539897,sparse,dense,nnmf,False,-0.0,11.664890309761244,1.0,6.414043232927403,,
final_clip,non-convex,-0.18263803310477278,,False,1.119911376913418,0.0,0.0,2,1.0350373612853665,DebiasConvex,1,12,12,1.0,0.2,-0.2,0.017361966895227232,sparse,dense,,,,,,,-0.18263803310477278,0.0
raw,non-convex,-0.1680454770550103,0.07798320771471778,True,-0.3091021923417534,0.11805555555555555,1.699800279530212,2,1.74655417103036,DebiasConvex,0,12,12,1.0,0.2,-0.2,0.03195452294498971,sparse,intermittent,,,,,,,,
nonnegative_svd,non-convex,-0.19001238328661826,,False,0.0,0.0,0.0,7,1.666331497598739,DebiasConvex,0,12,12,1.0,0.2,-0.2,0.009987616713381747,sparse,intermittent,svd,False,-0.0,211879521874.8294,1.0,3.9351171986785105,,
nonnegative_nnmf,non-convex,-0.2273436794294408,,False,0.0,0.0,0.0,2,1.610673631559082,DebiasConvex,0,12,12,1.0,0.2,-0.2,-0.027343679429440798,sparse,intermittent,nnmf,False,-0.0,10.117259047105676,1.0,3.978907714882281,,
final_clip,non-convex,-0.1802699968854458,,False,0.0,0.0,0.0,7,1.6730225317639096,DebiasConvex,0,12,12,1.0,0.2,-0.2,0.019730003114554223,sparse,intermittent,,,,,,,-0.1680454770550103,-0.012224519830435487
raw,non-convex,-0.0559892920511091,0.09072296198023672,True,-0.3847079273175255,0.13194444444444445,2.2166267589931854,2,1.2330442436272215,DebiasConvex,1,12,12,1.0,0.2,-0.2,0.14401070794889093,sparse,intermittent,,,,,,,,
nonnegative_svd,non-convex,-0.08985488842839284,,False,0.0,0.0,0.0,7,1.226432148275891,DebiasConvex,1,12,12,1.0,0.2,-0.2,0.11014511157160717,sparse,intermittent,svd,False,-0.0,3.485994009384214,1.0,4.127686260881424,,
nonnegative_nnmf,non-convex,-0.14528190820083606,,False,0.0,0.0,0.0,2,1.230727174879779,DebiasConvex,1,12,12,1.0,0.2,-0.2,0.054718091799163954,sparse,intermittent,nnmf,False,-0.0,11.406226888477896,1.0,4.215563769600807,,
final_clip,non-convex,-0.07639942776968447,,False,0.0,0.0,0.0,8,1.2262241733574741,DebiasConvex,1,12,12,1.0,0.2,-0.2,0.12360057223031554,sparse,intermittent,,,,,,,-0.0559892920511091,-0.020410135718575376
raw,non-convex,-0.46005281946577425,0.4150034372959602,True,3.7618832773213855,0.0,0.0,2,1.0262771765561782,DebiasConvex,0,12,12,1.0,0.2,-0.2,-0.26005281946577424,row,dense,,,,,,,,
nonnegative_svd,non-convex,-0.46005273951657194,,False,3.7618832838033485,0.0,0.0,2,1.0262771767409937,DebiasConvex,0,12,12,1.0,0.2,-0.2,-0.26005273951657193,row,dense,svd,False,-0.0,7.311122483632182,1.0,12.53612042494803,,
nonnegative_nnmf,non-convex,-0.46012729332016294,,False,3.758369715604349,0.0,0.0,2,1.0262770190994217,DebiasConvex,0,12,12,1.0,0.2,-0.2,-0.26012729332016293,row,dense,nnmf,False,-0.0,7.307506311202483,1.0,12.536126096639554,,
final_clip,non-convex,-0.46005281946577437,,False,3.7618832773213855,0.0,0.0,2,1.0262771765561782,DebiasConvex,0,12,12,1.0,0.2,-0.2,-0.26005281946577435,row,dense,,,,,,,-0.46005281946577425,-1.1102230246251565e-16
raw,non-convex,-0.0808163674564051,0.20865239842554742,True,0.7311054017311127,0.0,0.0,2,1.0372941589552647,DebiasConvex,1,12,12,1.0,0.2,-0.2,0.11918363254359492,row,dense,,,,,,,,
nonnegative_svd,non-convex,-0.08081635978054738,,False,0.7311053928406723,0.0,0.0,2,1.0372941589778857,DebiasConvex,1,12,12,1.0,0.2,-0.2,0.11918364021945263,row,dense,svd,False,-0.0,8.830792732224982,1.0,7.8775739913096166,,
nonnegative_nnmf,non-convex,-0.0815100305019622,,False,0.7399719869819255,0.0,0.0,2,1.0372772428715762,DebiasConvex,1,12,12,1.0,0.2,-0.2,0.1184899694980378,row,dense,nnmf,False,-0.0,8.830335416950607,1.0,7.87758207922674,,
final_clip,non-convex,-0.08081636745640511,,False,0.7311054017311127,0.0,0.0,2,1.0372941589552647,DebiasConvex,1,12,12,1.0,0.2,-0.2,0.1191836325435949,row,dense,,,,,,,-0.0808163674564051,-1.3877787807814457e-17
raw,non-convex,-0.13663734439031294,0.14044415079848682,True,-0.29177817809926476,0.09722222222222222,1.8071959571509688,2,1.2522502512002458,DebiasConvex,0,12,12,1.0,0.2,-0.2,0.06336265560968707,row,intermittent,,,,,,,,
nonnegative_svd,non-convex,-0.17804431018336242,,False,0.0,0.0,0.0,7,1.2449298553114292,DebiasConvex,0,12,12,1.0,0.2,-0.2,0.02195568981663759,row,intermittent,svd,False,-0.0,1079362705.5297174,1.0,6.103000440170013,,
nonnegative_nnmf,non-convex,-0.2461566432301386,,False,0.0,0.0,0.0,2,1.2403665415602092,DebiasConvex,0,12,12,1.0,0.2,-0.2,-0.0461566432301386,row,intermittent,nnmf,False,-0.0,9.268131459259818,1.0,6.167461109474983,,
final_clip,non-convex,-0.15010206370805448,,False,0.0,0.0,0.0,7,1.2452223164355425,DebiasConvex,0,12,12,1.0,0.2,-0.2,0.04989793629194553,row,intermittent,,,,,,,-0.13663734439031294,-0.013464719317741541
raw,non-convex,-0.25132083456792537,0.15368995235653135,True,-0.2866556139163323,0.0763888888888889,1.209173691088051,2,1.1430434816881816,DebiasConvex,1,12,12,1.0,0.2,-0.2,-0.051320834567925355,row,intermittent,,,,,,,,
nonnegative_svd,non-convex,-0.2723419776565322,,False,0.0,0.0,0.0,6,1.1405734815727597,DebiasConvex,1,12,12,1.0,0.2,-0.2,-0.07234197765653216,row,intermittent,svd,False,-0.0,5.045329188669944,1.0,6.103833736300512,,
nonnegative_nnmf,non-convex,-0.31310755116682126,,False,0.0,0.0,0.0,2,1.1401008562178305,DebiasConvex,1,12,12,1.0,0.2,-0.2,-0.11310755116682125,row,intermittent,nnmf,False,-0.0,12.668564123209235,1.0,6.161097048948676,,
final_clip,non-convex,-0.25928349051004573,,False,0.0,0.0,0.0,6,1.1404289991079442,DebiasConvex,1,12,12,1.0,0.2,-0.2,-0.05928349051004572,row,intermittent,,,,,,,-0.25132083456792537,-0.007962655942120367
raw,non-convex,-0.24604174121682268,0.12745985172044957,True,0.8372967597064753,0.0,0.0,2,1.0404593709372407,DebiasConvex,0,12,12,1.0,0.2,-0.2,-0.04604174121682267,staggered,dense,,,,,,,,
nonnegative_svd,non-convex,-0.24604160947249798,,False,0.8372967629146411,0.0,0.0,2,1.0404593719718935,DebiasConvex,0,12,12,1.0,0.2,-0.2,-0.04604160947249797,staggered,dense,svd,False,-0.0,7.911431736514034,1.0,4.6496389570037975,,
nonnegative_nnmf,non-convex,-0.24629257428987625,,False,0.8388691112946348,0.0,0.0,2,1.0404465611966955,DebiasConvex,0,12,12,1.0,0.2,-0.2,-0.04629257428987624,staggered,dense,nnmf,False,-0.0,7.910057843591869,1.0,4.649641016848693,,
final_clip,non-convex,-0.24604174121682268,,False,0.8372967597064753,0.0,0.0,2,1.0404593709372407,DebiasConvex,0,12,12,1.0,0.2,-0.2,-0.04604174121682267,staggered,dense,,,,,,,-0.24604174121682268,0.0
raw,non-convex,-0.13824029307219166,0.19650599926531334,True,1.5115361932188562,0.0,0.0,2,1.052625756547172,DebiasConvex,1,12,12,1.0,0.2,-0.2,0.061759706927808355,staggered,dense,,,,,,,,
nonnegative_svd,non-convex,-0.13824030644000188,,False,1.5115361995546341,0.0,0.0,2,1.052625756395436,DebiasConvex,1,12,12,1.0,0.2,-0.2,0.061759693559998136,staggered,dense,svd,False,-0.0,8.808779608643832,1.0,6.0653899899696935,,
nonnegative_nnmf,non-convex,-0.1382975862428075,,False,1.5125892339851312,0.0,0.0,2,1.0526170125424594,DebiasConvex,1,12,12,1.0,0.2,-0.2,0.061702413757192515,staggered,dense,nnmf,False,-0.0,8.80886198969279,1.0,6.065391055523312,,
final_clip,non-convex,-0.13824029307219166,,False,1.5115361932188562,0.0,0.0,2,1.052625756547172,DebiasConvex,1,12,12,1.0,0.2,-0.2,0.061759706927808355,staggered,dense,,,,,,,-0.13824029307219166,0.0
raw,non-convex,0.10413006578280498,0.11934886177787712,True,-0.9921005893750253,0.24305555555555555,8.185250386622206,2,1.8034779251608826,DebiasConvex,0,12,12,1.0,0.2,-0.2,0.304130065782805,staggered,intermittent,,,,,,,,
nonnegative_svd,non-convex,-0.16691835878009553,,False,0.0,0.0,0.0,9,1.5847994057340313,DebiasConvex,0,12,12,1.0,0.2,-0.2,0.03308164121990448,staggered,intermittent,svd,False,-0.0,1.0079510489500842,1.0,3.667269155949241,,
nonnegative_nnmf,non-convex,-0.2373281961786658,,False,0.0,0.0,0.0,2,1.5251619544335637,DebiasConvex,0,12,12,1.0,0.2,-0.2,-0.037328196178665785,staggered,intermittent,nnmf,False,-0.0,7.472826377263327,1.0,3.9603172360259444,,
final_clip,non-convex,-0.0276786586693384,,False,0.0,0.0,0.0,8,1.6244661753497902,DebiasConvex,0,12,12,1.0,0.2,-0.2,0.17232134133066163,staggered,intermittent,,,,,,,0.10413006578280498,-0.13180872445214337
raw,non-convex,-0.041879132765747895,0.12285426866740137,True,-0.690884323579539,0.1527777777777778,4.1125512100901656,2,1.8187522053154836,DebiasConvex,1,12,12,1.0,0.2,-0.2,0.15812086723425212,staggered,intermittent,,,,,,,,
nonnegative_svd,non-convex,-0.07877405208245064,,False,0.0,0.0,0.0,8,1.6749644988607868,DebiasConvex,1,12,12,1.0,0.2,-0.2,0.12122594791754937,staggered,intermittent,svd,False,-0.0,0.806678565704998,1.0,4.664889863471657,,
nonnegative_nnmf,non-convex,-0.13563617431020847,,False,0.0,0.0,0.0,2,1.6450833374541052,DebiasConvex,1,12,12,1.0,0.2,-0.2,0.06436382568979154,staggered,intermittent,nnmf,False,-0.0,9.831104260048972,1.0,4.873584406652382,,
final_clip,non-convex,-0.052362272812660794,,False,0.0,0.0,0.0,8,1.6798963721507676,DebiasConvex,1,12,12,1.0,0.2,-0.2,0.14763772718733922,staggered,intermittent,,,,,,,-0.041879132765747895,-0.010483140046912899
raw,non-convex,22.074585468219812,109.58030218236826,True,-16.847153544864952,0.25,582.9509991067496,2,1.1770937900399467,DebiasConvex,0,12,12,1.0,0.2,0.2,21.874585468219813,block,dense,,,,,,,,
nonnegative_svd,non-convex,5.53244739353581,,False,0.0,0.0,0.0,5,1.1021118451932939,DebiasConvex,0,12,12,1.0,0.2,0.2,5.332447393535809,block,dense,svd,False,-0.0,0.013262577032987761,1.0,14.589388009852364,,
nonnegative_nnmf,non-convex,0.9069192254272985,,False,1.0473022907875877,0.0,0.0,2,1.0435892896118806,DebiasConvex,0,12,12,1.0,0.2,0.2,0.7069192254272985,block,dense,nnmf,False,-0.0,9.193696068291999,1.0,7.8817568219048715,,
final_clip,non-convex,5.8815021596989885,,False,0.0,0.0,0.0,4,1.1279380959913328,DebiasConvex,0,12,12,1.0,0.2,0.2,5.681502159698988,block,dense,,,,,,,22.074585468219812,-16.193083308520823
raw,non-convex,0.49160274245975993,0.2390162300987838,True,1.4744663572283678,0.0,0.0,2,1.0495648398900483,DebiasConvex,1,12,12,1.0,0.2,0.2,0.2916027424597599,block,dense,,,,,,,,
nonnegative_svd,non-convex,0.4916028123931989,,False,1.4744663589084381,0.0,0.0,2,1.0495648404143068,DebiasConvex,1,12,12,1.0,0.2,0.2,0.2916028123931989,block,dense,svd,False,-0.0,6.185062754810845,1.0,8.122153078219538,,
nonnegative_nnmf,non-convex,0.49136024197275535,,False,1.4749799416567253,0.0,0.0,2,1.0495633270592377,DebiasConvex,1,12,12,1.0,0.2,0.2,0.29136024197275534,block,dense,nnmf,False,-0.0,6.184443377687827,1.0,8.122153466812247,,
final_clip,non-convex,0.49160274245976,,False,1.4744663572283678,0.0,0.0,2,1.0495648398900483,DebiasConvex,1,12,12,1.0,0.2,0.2,0.29160274245976,block,dense,,,,,,,0.49160274245975993,5.551115123125783e-17
raw,non-convex,0.33980284105218334,0.22618524891310582,True,-1.0375982653952052,0.10416666666666667,3.403364819828773,2,1.5512524870050828,DebiasConvex,0,12,12,1.0,0.2,0.2,0.13980284105218332,block,intermittent,,,,,,,,
nonnegative_svd,non-convex,0.32304850745918184,,False,0.0,0.0,0.0,8,1.4820125488954974,DebiasConvex,0,12,12,1.0,0.2,0.2,0.12304850745918183,block,intermittent,svd,False,-0.0,0.3607723754916926,1.0,7.630895756481805,,
nonnegative_nnmf,non-convex,0.26084657890044133,,False,0.0,0.0,0.0,2,1.4510305369428393,DebiasConvex,0,12,12,1.0,0.2,0.2,0.06084657890044132,block,intermittent,nnmf,False,-0.0,9.3632815933617,1.0,7.8494458460456435,,
final_clip,non-convex,0.3354211072101405,,False,0.0,0.0,0.0,8,1.4832860343184526,DebiasConvex,0,12,12,1.0,0.2,0.2,0.1354211072101405,block,intermittent,,,,,,,0.33980284105218334,-0.004381733842042823
raw,non-convex,0.5951776824062711,0.2939156555845768,True,-0.562993770088301,0.2361111111111111,10.865393391858184,2,1.845504127510077,DebiasConvex,1,12,12,1.0,0.2,0.2,0.3951776824062711,block,intermittent,,,,,,,,
nonnegative_svd,non-convex,0.26040327676182723,,False,0.0,0.0,0.0,10,1.6274881647312969,DebiasConvex,1,12,12,1.0,0.2,0.2,0.06040327676182722,block,intermittent,svd,False,-0.0,5.930500377331849e-05,1.0,4.524056822409987,,
nonnegative_nnmf,non-convex,0.21430065801903297,,False,0.0,0.0,0.0,2,1.596641806112944,DebiasConvex,1,12,12,1.0,0.2,0.2,0.014300658019032964,block,intermittent,nnmf,False,-0.0,5.865909739531047,1.0,4.658182740790399,,
final_clip,non-convex,0.4047155005216656,,False,0.0,0.0,0.0,9,1.6441322684996886,DebiasConvex,1,12,12,1.0,0.2,0.2,0.2047155005216656,block,intermittent,,,,,,,0.5951776824062711,-0.1904621818846055
raw,non-convex,0.39526359576045167,0.1157643566847191,True,1.1589741996509448,0.0,0.0,2,1.033885642564102,DebiasConvex,0,12,12,1.0,0.2,0.2,0.19526359576045166,sparse,dense,,,,,,,,
nonnegative_svd,non-convex,0.39526359029306896,,False,1.1589741972418834,0.0,0.0,2,1.0338856425670429,DebiasConvex,0,12,12,1.0,0.2,0.2,0.19526359029306894,sparse,dense,svd,False,-0.0,9.884189990804657,1.0,5.520912264691692,,
nonnegative_nnmf,non-convex,0.3954045005349331,,False,1.16316472934977,0.0,0.0,2,1.033873183656156,DebiasConvex,0,12,12,1.0,0.2,0.2,0.19540450053493308,sparse,dense,nnmf,False,-0.0,9.883296322759584,1.0,5.5209154605162825,,
final_clip,non-convex,0.3952635957604517,,False,1.1589741996509448,0.0,0.0,2,1.033885642564102,DebiasConvex,0,12,12,1.0,0.2,0.2,0.1952635957604517,sparse,dense,,,,,,,0.39526359576045167,5.551115123125783e-17
raw,non-convex,0.047931519672316764,0.22539603800621513,True,0.9620919684556402,0.0,0.0,2,1.0443080788544492,DebiasConvex,1,12,12,1.0,0.2,0.2,-0.15206848032768325,sparse,dense,,,,,,,,
nonnegative_svd,non-convex,0.047931517436150796,,False,0.9620919716092295,0.0,0.0,2,1.04430807883533,DebiasConvex,1,12,12,1.0,0.2,0.2,-0.15206848256384922,sparse,dense,svd,False,-0.0,17.1319644511351,1.0,10.501597618023403,,
nonnegative_nnmf,non-convex,0.047679411444390765,,False,0.9659320397813504,0.0,0.0,2,1.0442993967538594,DebiasConvex,1,12,12,1.0,0.2,0.2,-0.15232058855560926,sparse,dense,nnmf,False,-0.0,17.131916822175704,1.0,10.501600124865064,,
final_clip,non-convex,0.04793151967231675,,False,0.9620919684556402,0.0,0.0,2,1.0443080788544492,DebiasConvex,1,12,12,1.0,0.2,0.2,-0.15206848032768328,sparse,dense,,,,,,,0.047931519672316764,-1.3877787807814457e-17
raw,non-convex,0.1411914860530807,0.1875479245866814,True,-0.40919925816055036,0.1111111111111111,2.6154541823984965,2,1.8029625870059092,DebiasConvex,0,12,12,1.0,0.2,0.2,-0.0588085139469193,sparse,intermittent,,,,,,,,
nonnegative_svd,non-convex,0.12846085752532752,,False,0.0,0.0,0.0,6,1.7459348043410796,DebiasConvex,0,12,12,1.0,0.2,0.2,-0.0715391424746725,sparse,intermittent,svd,False,-0.0,2.416419924146962,1.0,7.119244478573117,,
nonnegative_nnmf,non-convex,0.10400315259242039,,False,0.0,0.0,0.0,2,1.702343817607304,DebiasConvex,0,12,12,1.0,0.2,0.2,-0.09599684740757962,sparse,intermittent,nnmf,False,-0.0,10.605023243054035,1.0,7.177891333122314,,
final_clip,non-convex,0.13258173300260667,,False,0.0,0.0,0.0,6,1.747928226324682,DebiasConvex,0,12,12,1.0,0.2,0.2,-0.06741826699739334,sparse,intermittent,,,,,,,0.1411914860530807,-0.00860975305047404
raw,non-convex,0.18563436831287,0.09442793005214366,True,-0.2947167042977669,0.09722222222222222,1.4628518498987872,2,1.5756447264470546,DebiasConvex,1,12,12,1.0,0.2,0.2,-0.01436563168713001,sparse,intermittent,,,,,,,,
nonnegative_svd,non-convex,0.15674689992015295,,False,0.0,0.0,0.0,6,1.55644343340375,DebiasConvex,1,12,12,1.0,0.2,0.2,-0.04325310007984706,sparse,intermittent,svd,False,-0.0,4.674296840695843,1.0,3.5973290343005653,,
nonnegative_nnmf,non-convex,0.12216240607813525,,False,0.0,0.0,0.0,2,1.5314005732695575,DebiasConvex,1,12,12,1.0,0.2,0.2,-0.07783759392186476,sparse,intermittent,nnmf,False,-0.0,13.489265236446876,1.0,3.7025973887798926,,
final_clip,non-convex,0.16732028636485294,,False,0.0,0.0,0.0,7,1.5600928591891825,DebiasConvex,1,12,12,1.0,0.2,0.2,-0.03267971363514707,sparse,intermittent,,,,,,,0.18563436831287,-0.018314081948017064
raw,non-convex,-0.07626171563202362,0.2762606191719626,True,1.119392640222947,0.0,0.0,2,1.0207013573701327,DebiasConvex,0,12,12,1.0,0.2,0.2,-0.2762617156320236,row,dense,,,,,,,,
nonnegative_svd,non-convex,-0.07626169954459817,,False,1.119392622138574,0.0,0.0,2,1.0207013574368706,DebiasConvex,0,12,12,1.0,0.2,0.2,-0.27626169954459817,row,dense,svd,False,-0.0,5.14469556444706,1.0,6.078262513657087,,
nonnegative_nnmf,non-convex,-0.07693302533926309,,False,1.1208075963404562,0.0,0.0,2,1.0206892937680803,DebiasConvex,0,12,12,1.0,0.2,0.2,-0.2769330253392631,row,dense,nnmf,False,-0.0,5.145141768912396,1.0,6.078272722015038,,
final_clip,non-convex,-0.07626171563202362,,False,1.119392640222947,0.0,0.0,2,1.0207013573701327,DebiasConvex,0,12,12,1.0,0.2,0.2,-0.2762617156320236,row,dense,,,,,,,-0.07626171563202362,0.0
raw,non-convex,18.479240243847343,113.78508795349269,True,-14.469456996726011,0.25,498.3257140297471,2,1.1594152110695057,DebiasConvex,1,12,12,1.0,0.2,0.2,18.279240243847344,row,dense,,,,,,,,
nonnegative_svd,non-convex,4.2631971344856145,,False,0.0,0.0,0.0,4,1.1031680556946066,DebiasConvex,1,12,12,1.0,0.2,0.2,4.063197134485614,row,dense,svd,False,-0.0,0.020311808205687003,1.0,11.87344471212444,,
nonnegative_nnmf,non-convex,0.1496511946248981,,False,1.1558277380237525,0.0,0.0,2,1.0412311108557093,DebiasConvex,1,12,12,1.0,0.2,0.2,-0.05034880537510192,row,dense,nnmf,False,-0.0,7.484063147662713,1.0,6.382213844113668,,
final_clip,non-convex,4.636859298576593,,False,0.0,0.0,0.0,4,1.139562404900515,DebiasConvex,1,12,12,1.0,0.2,0.2,4.436859298576593,row,dense,,,,,,,18.479240243847343,-13.842380945270751
raw,non-convex,0.170379032028922,0.18552849011284983,True,-0.6682516762363175,0.1388888888888889,6.0265240146864905,2,1.2707666117563867,DebiasConvex,0,12,12,1.0,0.2,0.2,-0.02962096797107802,row,intermittent,,,,,,,,
nonnegative_svd,non-convex,0.08334158668289761,,False,0.0,0.0,0.0,7,1.2476794216700064,DebiasConvex,0,12,12,1.0,0.2,0.2,-0.1166584133171024,row,intermittent,svd,False,-0.0,0.4480637275442416,1.0,6.628328651130599,,
nonnegative_nnmf,non-convex,0.06975486302554575,,False,0.0,0.0,0.0,2,1.2500505618128945,DebiasConvex,0,12,12,1.0,0.2,0.2,-0.13024513697445428,row,intermittent,nnmf,False,-0.0,11.078846482052164,1.0,6.945161922951098,,
final_clip,non-convex,0.13703106210008997,,False,0.0,0.0,0.0,7,1.2459773438193436,DebiasConvex,0,12,12,1.0,0.2,0.2,-0.06296893789991004,row,intermittent,,,,,,,0.170379032028922,-0.033347969928832016
raw,non-convex,0.30437707777291784,0.3620098769358473,True,-0.4217766239732617,0.24305555555555555,5.14321036219599,2,1.4694296927346469,DebiasConvex,1,12,12,1.0,0.2,0.2,0.10437707777291783,row,intermittent,,,,,,,,
nonnegative_svd,non-convex,0.057683563354652544,,False,0.0,0.0,0.0,8,1.342779424072123,DebiasConvex,1,12,12,1.0,0.2,0.2,-0.14231643664534746,row,intermittent,svd,False,-0.0,0.029136732182293137,1.0,4.082423672674424,,
nonnegative_nnmf,non-convex,-0.05976525757283177,,False,0.0,0.0,0.0,2,1.3111321717530535,DebiasConvex,1,12,12,1.0,0.2,0.2,-0.25976525757283175,row,intermittent,nnmf,False,-0.0,1.768046037903065,1.0,4.292336002737607,,
final_clip,non-convex,0.25690912770353314,,False,0.0,0.0,0.0,9,1.389839651087051,DebiasConvex,1,12,12,1.0,0.2,0.2,0.056909127703533124,row,intermittent,,,,,,,0.30437707777291784,-0.0474679500693847
raw,non-convex,-0.4087578015576114,0.3933553735967902,True,1.7492375260548858,0.0,0.0,2,1.0431409981504471,DebiasConvex,0,12,12,1.0,0.2,0.2,-0.6087578015576114,staggered,dense,,,,,,,,
nonnegative_svd,non-convex,-0.4087578896290544,,False,1.7492375687698951,0.0,0.0,2,1.043140997767404,DebiasConvex,0,12,12,1.0,0.2,0.2,-0.6087578896290544,staggered,dense,svd,False,-0.0,7.912718020611013,1.0,13.271613119737301,,
nonnegative_nnmf,non-convex,-0.4089039760707761,,False,1.7480562416343668,0.0,0.0,2,1.0431404730614604,DebiasConvex,0,12,12,1.0,0.2,0.2,-0.6089039760707762,staggered,dense,nnmf,False,-0.0,7.914047092953118,1.0,13.27161512239478,,
final_clip,non-convex,-0.4087578015576114,,False,1.7492375260548858,0.0,0.0,2,1.0431409981504471,DebiasConvex,0,12,12,1.0,0.2,0.2,-0.6087578015576114,staggered,dense,,,,,,,-0.4087578015576114,0.0
raw,non-convex,-0.013450882087051965,0.1257333201084453,True,1.2306696026385504,0.0,0.0,2,1.0353179435418334,DebiasConvex,1,12,12,1.0,0.2,0.2,-0.21345088208705199,staggered,dense,,,,,,,,
nonnegative_svd,non-convex,-0.0134508808565638,,False,1.2306696028148876,0.0,0.0,2,1.0353179435489779,DebiasConvex,1,12,12,1.0,0.2,0.2,-0.2134508808565638,staggered,dense,svd,False,-0.0,8.261244937595913,1.0,4.357504115338417,,
nonnegative_nnmf,non-convex,-0.01348914876439689,,False,1.23347380192825,0.0,0.0,2,1.0353029707734231,DebiasConvex,1,12,12,1.0,0.2,0.2,-0.2134891487643969,staggered,dense,nnmf,False,-0.0,8.260794105347838,1.0,4.357508115818221,,
final_clip,non-convex,-0.013450882087051965,,False,1.2306696026385504,0.0,0.0,2,1.0353179435418334,DebiasConvex,1,12,12,1.0,0.2,0.2,-0.21345088208705199,staggered,dense,,,,,,,-0.013450882087051965,0.0
raw,non-convex,0.22765608866172402,0.12601088131238797,True,-0.6961407296190781,0.1875,7.561934869570075,2,1.186444153030785,DebiasConvex,0,12,12,1.0,0.2,0.2,0.027656088661724004,staggered,intermittent,,,,,,,,
nonnegative_svd,non-convex,0.10613182941515915,,False,0.0,0.0,0.0,8,1.1653698185640098,DebiasConvex,0,12,12,1.0,0.2,0.2,-0.09386817058484086,staggered,intermittent,svd,False,-0.0,4.934539542176956,1.0,5.912109992187379,,
nonnegative_nnmf,non-convex,0.0545669581998952,,False,0.0,0.0,0.0,2,1.165267727320165,DebiasConvex,0,12,12,1.0,0.2,0.2,-0.1454330418001048,staggered,intermittent,nnmf,False,-0.0,11.890009431208878,1.0,6.343982059277061,,
final_clip,non-convex,0.17733547013339987,,False,0.0,0.0,0.0,8,1.1639335500221513,DebiasConvex,0,12,12,1.0,0.2,0.2,-0.02266452986660014,staggered,intermittent,,,,,,,0.22765608866172402,-0.050320618528324146
raw,non-convex,0.3527662754713865,0.08399211083096668,True,-0.47001928453668146,0.2222222222222222,5.159880158418767,2,1.317140243103346,DebiasConvex,1,12,12,1.0,0.2,0.2,0.1527662754713865,staggered,intermittent,,,,,,,,
nonnegative_svd,non-convex,0.27765928503835996,,False,0.0,0.0,0.0,10,1.2826003296728836,DebiasConvex,1,12,12,1.0,0.2,0.2,0.07765928503835995,staggered,intermittent,svd,False,-0.0,0.979164241498298,1.0,4.735604344297436,,
nonnegative_nnmf,non-convex,0.23758625477699555,,False,0.0,0.0,0.0,2,1.2822161646814778,DebiasConvex,1,12,12,1.0,0.2,0.2,0.03758625477699554,staggered,intermittent,nnmf,False,-0.0,15.964884566075286,1.0,4.9950249446150226,,
final_clip,non-convex,0.31584727462114426,,False,0.0,0.0,0.0,10,1.2848551419160739,DebiasConvex,1,12,12,1.0,0.2,0.2,0.11584727462114425,staggered,intermittent,,,,,,,0.3527662754713865,-0.036919000850242245
raw,non-convex,-0.22759468101501806,0.13678821815932435,True,1.9154783119081717,0.0,0.0,2,1.0188521694868835,DebiasConvex,0,20,20,0.05,0.05,-0.2,-0.027594681015018052,block,dense,,,,,,,,
nonnegative_svd,non-convex,-0.2275948008065295,,False,1.9154783291038853,0.0,0.0,2,1.0188521693150066,DebiasConvex,0,20,20,0.05,0.05,-0.2,-0.027594800806529485,block,dense,svd,False,-0.0,23.652844811677863,1.0,13.595374431148313,,
nonnegative_nnmf,non-convex,-0.22767161039253864,,False,1.9208022497279589,0.0,0.0,2,1.0188518748130002,DebiasConvex,0,20,20,0.05,0.05,-0.2,-0.027671610392538626,block,dense,nnmf,False,-0.0,23.6518458254248,1.0,13.595378743249722,,
final_clip,non-convex,-0.22759468101501806,,False,1.9154783119081717,0.0,0.0,2,1.0188521694868835,DebiasConvex,0,20,20,0.05,0.05,-0.2,-0.027594681015018052,block,dense,,,,,,,-0.22759468101501806,0.0
raw,non-convex,-0.5898459900758262,0.1469899039899855,True,0.4850273195631224,0.0,0.0,2,1.0452364143586963,DebiasConvex,1,20,20,0.05,0.05,-0.2,-0.38984599007582615,block,dense,,,,,,,,
nonnegative_svd,non-convex,-0.5898461270298615,,False,0.4850273294488967,0.0,0.0,2,1.0452364136112497,DebiasConvex,1,20,20,0.05,0.05,-0.2,-0.3898461270298615,block,dense,svd,False,-0.0,18.602154510529456,1.0,12.472919580949062,,
nonnegative_nnmf,non-convex,-0.5899252340148179,,False,0.49014764383626813,0.0,0.0,2,1.045228135059044,DebiasConvex,1,20,20,0.05,0.05,-0.2,-0.3899252340148179,block,dense,nnmf,False,-0.0,18.600361979933968,1.0,12.472922575554497,,
final_clip,non-convex,-0.589845990075826,,False,0.4850273195631224,0.0,0.0,2,1.0452364143586963,DebiasConvex,1,20,20,0.05,0.05,-0.2,-0.38984599007582604,block,dense,,,,,,,-0.5898459900758262,1.1102230246251565e-16
raw,non-convex,-0.05370318189158664,0.10552715468829468,True,-0.511783315904266,0.165,9.929149402719336,2,1.7246049811196982,DebiasConvex,0,20,20,0.05,0.05,-0.2,0.14629681810841338,block,intermittent,,,,,,,,
nonnegative_svd,non-convex,-0.1457876818951911,,False,0.0,0.0,0.0,7,1.6005926779928146,DebiasConvex,0,20,20,0.05,0.05,-0.2,0.05421231810480892,block,intermittent,svd,False,-0.0,20.260810221392227,1.0,10.045303127942663,,
nonnegative_nnmf,non-convex,-0.1782899159250511,,False,0.0,0.0,0.0,2,1.596275198262202,DebiasConvex,0,20,20,0.05,0.05,-0.2,0.0217100840749489,block,intermittent,nnmf,False,-0.0,32.19172028801784,1.0,10.16012660041241,,
final_clip,non-convex,-0.09986815750099393,,False,0.0,0.0,0.0,11,1.5965593036059977,DebiasConvex,0,20,20,0.05,0.05,-0.2,0.10013184249900609,block,intermittent,,,,,,,-0.05370318189158664,-0.046164975609407286
raw,non-convex,-0.11827642386786158,0.03147081866065272,True,-0.3591391839448765,0.1475,4.5072399694749645,2,1.595449647684218,DebiasConvex,1,20,20,0.05,0.05,-0.2,0.08172357613213843,block,intermittent,,,,,,,,
nonnegative_svd,non-convex,-0.1536766846661046,,False,0.0,0.0,0.0,11,1.5453865526560329,DebiasConvex,1,20,20,0.05,0.05,-0.2,0.046323315333895415,block,intermittent,svd,False,-0.0,161201700801786.53,1.0,5.81142414129647,,
nonnegative_nnmf,non-convex,-0.17198479290269716,,False,0.0,0.0,0.0,2,1.5305166700485744,DebiasConvex,1,20,20,0.05,0.05,-0.2,0.028015207097302847,block,intermittent,nnmf,False,-0.0,42.766355805235264,1.0,5.908674830962937,,
final_clip,non-convex,-0.13779179290405563,,False,0.0,0.0,0.0,12,1.5507536368889294,DebiasConvex,1,20,20,0.05,0.05,-0.2,0.06220820709594438,block,intermittent,,,,,,,-0.11827642386786158,-0.019515369036194052
raw,non-convex,-0.0886022835411127,0.12851252913938027,True,0.7724767838119256,0.0,0.0,2,1.025139428573343,DebiasConvex,0,20,20,0.05,0.05,-0.2,0.11139771645888731,sparse,dense,,,,,,,,
nonnegative_svd,non-convex,-0.08860225780790917,,False,0.7724766606411461,0.0,0.0,2,1.0251394287188402,DebiasConvex,0,20,20,0.05,0.05,-0.2,0.11139774219209084,sparse,dense,svd,False,-0.0,47.0899838914021,1.0,20.048407317898686,,
nonnegative_nnmf,non-convex,-0.0899020607189268,,False,0.8145579017475276,0.0,0.0,2,1.0251009732893728,DebiasConvex,0,20,20,0.05,0.05,-0.2,0.11009793928107321,sparse,dense,nnmf,False,-0.0,47.08678142945553,1.0,20.04846118889444,,
final_clip,non-convex,-0.0886022835411127,,False,0.7724767838119256,0.0,0.0,2,1.025139428573343,DebiasConvex,0,20,20,0.05,0.05,-0.2,0.11139771645888731,sparse,dense,,,,,,,-0.0886022835411127,0.0
raw,non-convex,-0.26884557860025043,0.07801047045194844,True,0.1290578217889788,0.0,0.0,2,1.072732475717356,DebiasConvex,1,20,20,0.05,0.05,-0.2,-0.06884557860025042,sparse,dense,,,,,,,,
nonnegative_svd,non-convex,-0.2688455812257244,,False,0.12905782419143036,0.0,0.0,2,1.0727324756131116,DebiasConvex,1,20,20,0.05,0.05,-0.2,-0.06884558122572437,sparse,dense,svd,False,-0.0,43.229954043090956,1.0,10.654280131575089,,
nonnegative_nnmf,non-convex,-0.26906563849214915,,False,0.13561835534296462,0.0,0.0,2,1.0727015699146658,DebiasConvex,1,20,20,0.05,0.05,-0.2,-0.06906563849214914,sparse,dense,nnmf,False,-0.0,43.23013124609642,1.0,10.654288561590759,,
final_clip,non-convex,-0.26884557860025043,,False,0.1290578217889788,0.0,0.0,2,1.072732475717356,DebiasConvex,1,20,20,0.05,0.05,-0.2,-0.06884557860025042,sparse,dense,,,,,,,-0.26884557860025043,0.0
raw,non-convex,-0.13911366540761866,0.054842694357653016,True,-0.37571245128480935,0.12,5.327235040723995,2,1.2426853688326798,DebiasConvex,0,20,20,0.05,0.05,-0.2,0.06088633459238135,sparse,intermittent,,,,,,,,
nonnegative_svd,non-convex,-0.15546629888300584,,False,0.0,0.0,0.0,9,1.2339643068454074,DebiasConvex,0,20,20,0.05,0.05,-0.2,0.04453370111699417,sparse,intermittent,svd,False,-0.0,20.593061995446746,1.0,7.208684969815775,,
nonnegative_nnmf,non-convex,-0.16286681780444215,,False,0.0,0.0,0.0,2,1.2353479609319304,DebiasConvex,0,20,20,0.05,0.05,-0.2,0.03713318219555786,sparse,intermittent,nnmf,False,-0.0,51.13612878021,1.0,7.319250217836535,,
final_clip,non-convex,-0.15089451015413968,,False,0.0,0.0,0.0,8,1.2335910411281037,DebiasConvex,0,20,20,0.05,0.05,-0.2,0.04910548984586033,sparse,intermittent,,,,,,,-0.13911366540761866,-0.011780844746521024
raw,non-convex,0.0027181198688401736,0.07229971929154697,True,-0.7612763169607021,0.1075,6.576816148232372,2,1.7870804917168952,DebiasConvex,1,20,20,0.05,0.05,-0.2,0.2027181198688402,sparse,intermittent,,,,,,,,
nonnegative_svd,non-convex,-0.03802712932506043,,False,0.0,0.0,0.0,11,1.673927948683295,DebiasConvex,1,20,20,0.05,0.05,-0.2,0.1619728706749396,sparse,intermittent,svd,False,-0.0,10.627545951061972,1.0,8.551963381700228,,
nonnegative_nnmf,non-convex,-0.05820210420595186,,False,0.0,0.0,0.0,2,1.6576958873483492,DebiasConvex,1,20,20,0.05,0.05,-0.2,0.14179789579404817,sparse,intermittent,nnmf,False,-0.0,38.71091147413361,1.0,8.729251141011009,,
final_clip,non-convex,-0.026171149077063093,,False,0.0,0.0,0.0,10,1.6767154091366514,DebiasConvex,1,20,20,0.05,0.05,-0.2,0.17382885092293693,sparse,intermittent,,,,,,,0.0027181198688401736,-0.028889268945903268
raw,non-convex,-0.22305989448547053,0.11750739352300964,True,1.0236403933179667,0.0,0.0,2,1.0508626344885832,DebiasConvex,0,20,20,0.05,0.05,-0.2,-0.023059894485470522,row,dense,,,,,,,,
nonnegative_svd,non-convex,-0.22305991041322087,,False,1.0236403963520249,0.0,0.0,2,1.050862634335324,DebiasConvex,0,20,20,0.05,0.05,-0.2,-0.023059910413220863,row,dense,svd,False,-0.0,20.428902326532576,1.0,10.878741873830325,,
nonnegative_nnmf,non-convex,-0.22335835250257263,,False,1.0284808143316946,0.0,0.0,2,1.0508471330475146,DebiasConvex,0,20,20,0.05,0.05,-0.2,-0.02335835250257262,row,dense,nnmf,False,-0.0,20.425541574182827,1.0,10.878749508526077,,
final_clip,non-convex,-0.22305989448547053,,False,1.0236403933179667,0.0,0.0,2,1.0508626344885832,DebiasConvex,0,20,20,0.05,0.05,-0.2,-0.023059894485470522,row,dense,,,,,,,-0.22305989448547053,0.0
raw,non-convex,0.007742067941046784,0.1375235978949145,True,2.3067415535916767,0.0,0.0,2,1.016094310121152,DebiasConvex,1,20,20,0.05,0.05,-0.2,0.2077420679410468,row,dense,,,,,,,,
nonnegative_svd,non-convex,0.007742066574042488,,False,2.306741555252127,0.0,0.0,2,1.0160943101185929,DebiasConvex,1,20,20,0.05,0.05,-0.2,0.2077420665740425,row,dense,svd,False,-0.0,24.022486125889937,1.0,12.014301460088657,,
nonnegative_nnmf,non-convex,0.006879594849321822,,False,2.3211193076270713,0.0,0.0,2,1.0160796499088236,DebiasConvex,1,20,20,0.05,0.05,-0.2,0.20687959484932184,row,dense,nnmf,False,-0.0,24.022838299208196,1.0,12.014377703811196,,
final_clip,non-convex,0.007742067941046784,,False,2.3067415535916767,0.0,0.0,2,1.016094310121152,DebiasConvex,1,20,20,0.05,0.05,-0.2,0.2077420679410468,row,dense,,,,,,,0.007742067941046784,0.0
raw,non-convex,0.08797941511170729,0.06603096749768779,True,-1.1233022268009925,0.2775,28.48380837110004,2,1.2800654091822017,DebiasConvex,0,20,20,0.05,0.05,-0.2,0.2879794151117073,row,intermittent,,,,,,,,
nonnegative_svd,non-convex,-0.09360840281110758,,False,0.0,0.0,0.0,17,1.2255774622095905,DebiasConvex,0,20,20,0.05,0.05,-0.2,0.10639159718889243,row,intermittent,svd,False,-0.0,1.0206586160718196,1.0,9.411692935463682,,
nonnegative_nnmf,non-convex,-0.14184761583403827,,False,0.0,0.0,0.0,2,1.2069652112984568,DebiasConvex,0,20,20,0.05,0.05,-0.2,0.058152384165961746,row,intermittent,nnmf,False,-0.0,40.34400384084546,1.0,10.83592584353546,,
final_clip,non-convex,-0.022164716119945988,,False,0.0,0.0,0.0,18,1.226902312451354,DebiasConvex,0,20,20,0.05,0.05,-0.2,0.177835283880054,row,intermittent,,,,,,,0.08797941511170729,-0.11014413123165327
raw,non-convex,-0.17302515171091185,0.021930278530105925,True,-0.5715794749461255,0.2375,10.784541199815868,2,1.201297589318666,DebiasConvex,1,20,20,0.05,0.05,-0.2,0.026974848289088166,row,intermittent,,,,,,,,
nonnegative_svd,non-convex,-0.2350064774768617,,False,0.0,0.0,0.0,11,1.1758635390722074,DebiasConvex,1,20,20,0.05,0.05,-0.2,-0.0350064774768617,row,intermittent,svd,False,-0.0,8.898468307181442,1.0,4.299438197565207,,
nonnegative_nnmf,non-convex,-0.2390525215848409,,False,0.0,0.0,0.0,2,1.173000624318924,DebiasConvex,1,20,20,0.05,0.05,-0.2,-0.03905252158484088,row,intermittent,nnmf,False,-0.0,26.549240534437388,1.0,4.896387605120171,,
final_clip,non-convex,-0.19752899332363022,,False,0.0,0.0,0.0,13,1.1783186796688339,DebiasConvex,1,20,20,0.05,0.05,-0.2,0.0024710066763697913,row,intermittent,,,,,,,-0.17302515171091185,-0.024503841612718374
raw,non-convex,-0.2926274160379161,0.16162023511381735,True,1.3006690822272282,0.0,0.0,2,1.0346164925424133,DebiasConvex,0,20,20,0.05,0.05,-0.2,-0.09262741603791608,staggered,dense,,,,,,,,
nonnegative_svd,non-convex,-0.2926273441202229,,False,1.3006690435742836,0.0,0.0,2,1.03461649279489,DebiasConvex,0,20,20,0.05,0.05,-0.2,-0.09262734412022289,staggered,dense,svd,False,-0.0,25.54972590284826,1.0,17.515603584978983,,
nonnegative_nnmf,non-convex,-0.2931047025171364,,False,1.3038429816223782,0.0,0.0,2,1.0346048007730173,DebiasConvex,0,20,20,0.05,0.05,-0.2,-0.09310470251713637,staggered,dense,nnmf,False,-0.0,25.548713316931426,1.0,17.515610789747182,,
final_clip,non-convex,-0.2926274160379161,,False,1.3006690822272282,0.0,0.0,2,1.0346164925424133,DebiasConvex,0,20,20,0.05,0.05,-0.2,-0.09262741603791608,staggered,dense,,,,,,,-0.2926274160379161,0.0
raw,non-convex,-0.14457383583256436,0.10615845019704935,True,0.03335945505061798,0.0,0.0,2,1.0330900930790796,DebiasConvex,1,20,20,0.05,0.05,-0.2,0.05542616416743565,staggered,dense,,,,,,,,
nonnegative_svd,non-convex,-0.14457383536002677,,False,0.03335945500485161,0.0,0.0,2,1.0330900930812654,DebiasConvex,1,20,20,0.05,0.05,-0.2,0.05542616463997324,staggered,dense,svd,False,-0.0,25.558649763521252,1.0,10.233478880919575,,
nonnegative_nnmf,non-convex,-0.1448185351056098,,False,0.041663279581938495,0.0,0.0,2,1.0330809649166748,DebiasConvex,1,20,20,0.05,0.05,-0.2,0.055181464894390214,staggered,dense,nnmf,False,-0.0,25.556985477528208,1.0,10.233487133921006,,
final_clip,non-convex,-0.14457383583256433,,False,0.03335945505061798,0.0,0.0,2,1.0330900930790796,DebiasConvex,1,20,20,0.05,0.05,-0.2,0.055426164167435676,staggered,dense,,,,,,,-0.14457383583256436,2.7755575615628914e-17
raw,non-convex,-0.07884198316739124,0.06481447774844301,True,-0.43325486886575365,0.0925,3.9748545548977323,2,1.4246462134737852,DebiasConvex,0,20,20,0.05,0.05,-0.2,0.12115801683260877,staggered,intermittent,,,,,,,,
nonnegative_svd,non-convex,-0.10652406397002993,,False,0.0,0.0,0.0,8,1.4062136228901514,DebiasConvex,0,20,20,0.05,0.05,-0.2,0.09347593602997008,staggered,intermittent,svd,False,-0.0,4922496637451.111,1.0,7.911144918300473,,
nonnegative_nnmf,non-convex,-0.15242419642837748,,False,0.0,0.0,0.0,2,1.4027381453046652,DebiasConvex,0,20,20,0.05,0.05,-0.2,0.04757580357162253,staggered,intermittent,nnmf,False,-0.0,40.622035576832516,1.0,8.01303512077344,,
final_clip,non-convex,-0.09069049035329595,,False,0.0,0.0,0.0,10,1.405287793091768,DebiasConvex,0,20,20,0.05,0.05,-0.2,0.10930950964670406,staggered,intermittent,,,,,,,-0.07884198316739124,-0.011848507185904703
raw,non-convex,-0.24711848402010508,0.08275099320996489,True,-0.23232387643422675,0.1,3.5399723176425093,2,1.3229839804111043,DebiasConvex,1,20,20,0.05,0.05,-0.2,-0.04711848402010507,staggered,intermittent,,,,,,,,
nonnegative_svd,non-convex,-0.2673337190605318,,False,0.0,0.0,0.0,10,1.31475719522155,DebiasConvex,1,20,20,0.05,0.05,-0.2,-0.06733371906053182,staggered,intermittent,svd,False,-0.0,3548010512917.2437,1.0,10.29377648273328,,
nonnegative_nnmf,non-convex,-0.2648718410085495,,False,0.0,0.0,0.0,2,1.314786953190145,DebiasConvex,1,20,20,0.05,0.05,-0.2,-0.06487184100854948,staggered,intermittent,nnmf,False,-0.0,26.476374685406405,1.0,10.339843035223495,,
final_clip,non-convex,-0.2526089591341627,,False,0.0,0.0,0.0,8,1.316248684308917,DebiasConvex,1,20,20,0.05,0.05,-0.2,-0.05260895913416269,staggered,intermittent,,,,,,,-0.24711848402010508,-0.005490475114057619
raw,non-convex,0.033252755934898466,0.19694792180972404,True,0.03855907406554692,0.0,0.0,2,1.0355922848266772,DebiasConvex,0,20,20,0.05,0.05,0.2,-0.16674724406510155,block,dense,,,,,,,,
nonnegative_svd,non-convex,0.033252764546179606,,False,0.03855907126826353,0.0,0.0,2,1.0355922848595545,DebiasConvex,0,20,20,0.05,0.05,0.2,-0.16674723545382042,block,dense,svd,False,-0.0,20.681756252006334,1.0,17.46128780653176,,
nonnegative_nnmf,non-convex,0.032882796680692945,,False,0.04105017138622057,0.0,0.0,2,1.0355770180506407,DebiasConvex,0,20,20,0.05,0.05,0.2,-0.16711720331930707,block,dense,nnmf,False,-0.0,20.683389053892586,1.0,17.46129492115757,,
final_clip,non-convex,0.033252755934898466,,False,0.03855907406554692,0.0,0.0,2,1.0355922848266772,DebiasConvex,0,20,20,0.05,0.05,0.2,-0.16674724406510155,block,dense,,,,,,,0.033252755934898466,0.0
raw,non-convex,-0.14123162260720265,0.1817887232762415,True,-0.032798075006110074,0.0025,0.032798075006110074,2,1.0367725780736994,DebiasConvex,1,20,20,0.05,0.05,0.2,-0.34123162260720263,block,dense,,,,,,,,
nonnegative_svd,non-convex,-0.14123156936789324,,False,0.0,0.0,0.0,3,1.0367503001497218,DebiasConvex,1,20,20,0.05,0.05,0.2,-0.34123156936789323,block,dense,svd,False,-0.0,20.639186955057824,1.0,17.402274199597144,,
nonnegative_nnmf,non-convex,-0.1420919865809983,,False,0.0,0.0,0.0,2,1.0367176963790468,DebiasConvex,1,20,20,0.05,0.05,0.2,-0.3420919865809983,block,dense,nnmf,False,-0.0,24.208859088840597,1.0,17.4024178916569,,
final_clip,non-convex,-0.14123162260720265,,False,0.0,0.0,0.0,3,1.036750299944568,DebiasConvex,1,20,20,0.05,0.05,0.2,-0.34123162260720263,block,dense,,,,,,,-0.14123162260720265,0.0
raw,non-convex,0.326405487710219,0.15437784240345484,True,-0.6769272738312626,0.1275,10.182632228972397,2,1.7650854061887502,DebiasConvex,0,20,20,0.05,0.05,0.2,0.12640548771021898,block,intermittent,,,,,,,,
nonnegative_svd,non-convex,0.1984812676100499,,False,0.0,0.0,0.0,8,1.6225127078012096,DebiasConvex,0,20,20,0.05,0.05,0.2,-0.0015187323899501226,block,intermittent,svd,False,-0.0,3977838702.8056355,1.0,12.409378066187985,,
nonnegative_nnmf,non-convex,0.19816224519162406,,False,0.0,0.0,0.0,2,1.6215201868383864,DebiasConvex,0,20,20,0.05,0.05,0.2,-0.0018377548083759465,block,intermittent,nnmf,False,-0.0,24.849221692221974,1.0,12.61756897913624,,
final_clip,non-convex,0.28339085182913737,,False,0.0,0.0,0.0,12,1.6453233785120913,DebiasConvex,0,20,20,0.05,0.05,0.2,0.08339085182913736,block,intermittent,,,,,,,0.326405487710219,-0.04301463588108162
raw,non-convex,0.2906619511581706,0.050862812319234646,True,-0.983038819937394,0.1775,7.551268183317079,2,1.1772020490279602,DebiasConvex,1,20,20,0.05,0.05,0.2,0.0906619511581706,block,intermittent,,,,,,,,
nonnegative_svd,non-convex,0.21829487957254798,,False,0.0,0.0,0.0,10,1.1577554982742289,DebiasConvex,1,20,20,0.05,0.05,0.2,0.018294879572547967,block,intermittent,svd,False,-0.0,14658805786885.266,1.0,6.7807999939170935,,
nonnegative_nnmf,non-convex,0.12386273886946988,,False,0.0,0.0,0.0,2,1.1589595568886875,DebiasConvex,1,20,20,0.05,0.05,0.2,-0.07613726113053013,block,intermittent,nnmf,False,-0.0,28.21008110538875,1.0,6.993037850874862,,
final_clip,non-convex,0.2594115958642684,,False,0.0,0.0,0.0,12,1.1543248911412949,DebiasConvex,1,20,20,0.05,0.05,0.2,0.05941159586426836,block,intermittent,,,,,,,0.2906619511581706,-0.03125035529390224
raw,non-convex,0.12082280917014043,0.06587438873128736,True,0.4060211679035541,0.0,0.0,2,1.0590002456003744,DebiasConvex,0,20,20,0.05,0.05,0.2,-0.07917719082985958,sparse,dense,,,,,,,,
nonnegative_svd,non-convex,0.12082280702632521,,False,0.4060211710755522,0.0,0.0,2,1.059000245559031,DebiasConvex,0,20,20,0.05,0.05,0.2,-0.0791771929736748,sparse,dense,svd,False,-0.0,39.43510185223032,1.0,8.430765398255945,,
nonnegative_nnmf,non-convex,0.12060446876517968,,False,0.40972845219662024,0.0,0.0,2,1.0589856218770912,DebiasConvex,0,20,20,0.05,0.05,0.2,-0.07939553123482034,sparse,dense,nnmf,False,-0.0,39.435535288312074,1.0,8.430770027506004,,
final_clip,non-convex,0.12082280917014045,,False,0.4060211679035541,0.0,0.0,2,1.0590002456003744,DebiasConvex,0,20,20,0.05,0.05,0.2,-0.07917719082985956,sparse,dense,,,,,,,0.12082280917014043,1.3877787807814457e-17
raw,non-convex,0.3714631658904935,0.0832842003569564,True,0.07187774857551375,0.0,0.0,2,1.038458238766105,DebiasConvex,1,20,20,0.05,0.05,0.2,0.17146316589049349,sparse,dense,,,,,,,,
nonnegative_svd,non-convex,0.3714631658904935,,False,0.07187774857551375,0.0,0.0,2,1.038458238766105,DebiasConvex,1,20,20,0.05,0.05,0.2,0.17146316589049349,sparse,dense,svd,False,-0.0,42.6028560632285,1.0,10.214151207433972,,
nonnegative_nnmf,non-convex,0.3714192337689364,,False,0.07384303525022896,0.0,0.0,2,1.0384459104406092,DebiasConvex,1,20,20,0.05,0.05,0.2,0.17141923376893636,sparse,dense,nnmf,False,-0.0,42.60282213911016,1.0,10.21415551282496,,
final_clip,non-convex,0.3714631658904935,,False,0.07187774857551375,0.0,0.0,2,1.038458238766105,DebiasConvex,1,20,20,0.05,0.05,0.2,0.17146316589049349,sparse,dense,,,,,,,0.3714631658904935,0.0
raw,non-convex,0.2102549233530133,0.07813626589466083,True,-0.45197524123994093,0.0775,4.298191853697908,2,1.6941093554635027,DebiasConvex,0,20,20,0.05,0.05,0.2,0.010254923353013284,sparse,intermittent,,,,,,,,
nonnegative_svd,non-convex,0.20111799107595113,,False,0.0,0.0,0.0,8,1.625114309162115,DebiasConvex,0,20,20,0.05,0.05,0.2,0.0011179910759511191,sparse,intermittent,svd,False,-0.0,19.16549857671047,1.0,10.849933838397817,,
nonnegative_nnmf,non-convex,0.192031791736799,,False,0.0,0.0,0.0,2,1.6097645325898091,DebiasConvex,0,20,20,0.05,0.05,0.2,-0.007968208263201021,sparse,intermittent,nnmf,False,-0.0,43.82911048112605,1.0,10.958803691198655,,
final_clip,non-convex,0.20365984877695062,,False,0.0,0.0,0.0,8,1.6268856619738268,DebiasConvex,0,20,20,0.05,0.05,0.2,0.0036598487769506083,sparse,intermittent,,,,,,,0.2102549233530133,-0.006595074576062676
raw,non-convex,0.3071493251093207,0.08058484540322393,True,-0.43721274815341715,0.15,7.367742171394542,2,1.2828923733404958,DebiasConvex,1,20,20,0.05,0.05,0.2,0.10714932510932068,sparse,intermittent,,,,,,,,
nonnegative_svd,non-convex,0.28460538463303725,,False,0.0,0.0,0.0,10,1.268663393087688,DebiasConvex,1,20,20,0.05,0.05,0.2,0.08460538463303724,sparse,intermittent,svd,False,-0.0,10.69914101344828,1.0,10.460781166148312,,
nonnegative_nnmf,non-convex,0.2683901769969721,,False,0.0,0.0,0.0,2,1.2699812169209574,DebiasConvex,1,20,20,0.05,0.05,0.2,0.06839017699697209,sparse,intermittent,nnmf,False,-0.0,38.33980236951268,1.0,10.611120026297028,,
final_clip,non-convex,0.29207522359354815,,False,0.0,0.0,0.0,10,1.2682237498426978,DebiasConvex,1,20,20,0.05,0.05,0.2,0.09207522359354814,sparse,intermittent,,,,,,,0.3071493251093207,-0.015074101515772542
raw,non-convex,0.20011474565576798,0.17406083327657074,True,0.12792871907113842,0.0,0.0,2,1.0389381175082386,DebiasConvex,0,20,20,0.05,0.05,0.2,0.00011474565576796714,row,dense,,,,,,,,
nonnegative_svd,non-convex,0.20011482910717263,,False,0.1279287288090233,0.0,0.0,2,1.038938117924897,DebiasConvex,0,20,20,0.05,0.05,0.2,0.00011482910717261485,row,dense,svd,False,-0.0,23.591551896680677,1.0,15.62229116444061,,
nonnegative_nnmf,non-convex,0.20005087562335724,,False,0.1310275278177606,0.0,0.0,2,1.0389308297328037,DebiasConvex,0,20,20,0.05,0.05,0.2,5.0875623357232724e-05,row,dense,nnmf,False,-0.0,23.592494090772817,1.0,15.62229278499616,,
final_clip,non-convex,0.20011474565576798,,False,0.12792871907113842,0.0,0.0,2,1.0389381175082386,DebiasConvex,0,20,20,0.05,0.05,0.2,0.00011474565576796714,row,dense,,,,,,,0.20011474565576798,0.0
raw,non-convex,0.1910628375228338,0.19891764582812363,True,0.6491068195939586,0.0,0.0,2,1.027177639867488,DebiasConvex,1,20,20,0.05,0.05,0.2,-0.008937162477166222,row,dense,,,,,,,,
nonnegative_svd,non-convex,0.19106282246286316,,False,0.649106838351562,0.0,0.0,2,1.0271776398104058,DebiasConvex,1,20,20,0.05,0.05,0.2,-0.008937177537136853,row,dense,svd,False,-0.0,17.965070261480236,1.0,15.252221679465675,,
nonnegative_nnmf,non-convex,0.1902542850732949,,False,0.6569622842003887,0.0,0.0,2,1.0271665444101756,DebiasConvex,1,20,20,0.05,0.05,0.2,-0.009745714926705118,row,dense,nnmf,False,-0.0,17.964774539582788,1.0,15.252229463270732,,
final_clip,non-convex,0.19106283752283382,,False,0.6491068195939586,0.0,0.0,2,1.027177639867488,DebiasConvex,1,20,20,0.05,0.05,0.2,-0.008937162477166194,row,dense,,,,,,,0.1910628375228338,2.7755575615628914e-17
raw,non-convex,0.35407147118025833,0.11339181296299658,True,-0.31477322727641466,0.1975,6.115306434589442,2,1.7219223456652926,DebiasConvex,0,20,20,0.05,0.05,0.2,0.15407147118025832,row,intermittent,,,,,,,,
nonnegative_svd,non-convex,0.27631003776127916,,False,0.0,0.0,0.0,13,1.6769024657469374,DebiasConvex,0,20,20,0.05,0.05,0.2,0.07631003776127915,row,intermittent,svd,False,-0.0,2784799966128.277,1.0,8.966992346293033,,
nonnegative_nnmf,non-convex,0.24149263980340252,,False,0.0,0.0,0.0,2,1.656880991728399,DebiasConvex,0,20,20,0.05,0.05,0.2,0.04149263980340251,row,intermittent,nnmf,False,-0.0,20.648208398372553,1.0,8.993636859566632,,
final_clip,non-convex,0.31907391435104415,,False,0.0,0.0,0.0,13,1.6961131738361566,DebiasConvex,0,20,20,0.05,0.05,0.2,0.11907391435104414,row,intermittent,,,,,,,0.35407147118025833,-0.03499755682921418
raw,non-convex,0.3507669992093665,0.11198997412139775,True,-0.5278397259699611,0.175,12.877946750896205,2,1.526653513454896,DebiasConvex,1,20,20,0.05,0.05,0.2,0.15076699920936648,row,intermittent,,,,,,,,
nonnegative_svd,non-convex,0.2373882326114389,,False,0.0,0.0,0.0,9,1.4675686035379978,DebiasConvex,1,20,20,0.05,0.05,0.2,0.03738823261143889,row,intermittent,svd,False,-0.0,11.50705387443505,1.0,10.825266941113751,,
nonnegative_nnmf,non-convex,0.2026910027485261,,False,0.0,0.0,0.0,2,1.4625228961256946,DebiasConvex,1,20,20,0.05,0.05,0.2,0.0026910027485261,row,intermittent,nnmf,False,-0.0,21.370706235171458,1.0,11.080014890398594,,
final_clip,non-convex,0.3120894643007089,,False,0.0,0.0,0.0,10,1.460315104500951,DebiasConvex,1,20,20,0.05,0.05,0.2,0.11208946430070887,row,intermittent,,,,,,,0.3507669992093665,-0.03867753490865761
raw,non-convex,0.25582256593074987,0.16655151742839436,True,0.7559949518097222,0.0,0.0,2,1.0323571633804403,DebiasConvex,0,20,20,0.05,0.05,0.2,0.05582256593074986,staggered,dense,,,,,,,,
nonnegative_svd,non-convex,0.25582266669294196,,False,0.7559949662554236,0.0,0.0,2,1.0323571638559565,DebiasConvex,0,20,20,0.05,0.05,0.2,0.05582266669294195,staggered,dense,svd,False,-0.0,23.35367369143492,1.0,17.38742151335435,,
nonnegative_nnmf,non-convex,0.25552598951180255,,False,0.7678428647463863,0.0,0.0,2,1.0323241204422557,DebiasConvex,0,20,20,0.05,0.05,0.2,0.05552598951180254,staggered,dense,nnmf,False,-0.0,23.35237107571862,1.0,17.38744389024641,,
final_clip,non-convex,0.25582256593074987,,False,0.7559949518097222,0.0,0.0,2,1.0323571633804403,DebiasConvex,0,20,20,0.05,0.05,0.2,0.05582256593074986,staggered,dense,,,,,,,0.25582256593074987,0.0
raw,non-convex,0.24999265974243595,0.13258580426948782,True,1.348402421017612,0.0,0.0,2,1.0387163815659042,DebiasConvex,1,20,20,0.05,0.05,0.2,0.04999265974243594,staggered,dense,,,,,,,,
nonnegative_svd,non-convex,0.24999276651258479,,False,1.3484022787404122,0.0,0.0,2,1.038716382302554,DebiasConvex,1,20,20,0.05,0.05,0.2,0.049992766512584774,staggered,dense,svd,False,-0.0,24.456287293329407,1.0,15.850951889058278,,
nonnegative_nnmf,non-convex,0.24913246340383882,,False,1.369171763654364,0.0,0.0,2,1.038697690273759,DebiasConvex,1,20,20,0.05,0.05,0.2,0.04913246340383881,staggered,dense,nnmf,False,-0.0,24.455157049174563,1.0,15.850974082151616,,
final_clip,non-convex,0.24999265974243595,,False,1.348402421017612,0.0,0.0,2,1.0387163815659042,DebiasConvex,1,20,20,0.05,0.05,0.2,0.04999265974243594,staggered,dense,,,,,,,0.24999265974243595,0.0
raw,non-convex,0.36847361821213837,0.06676240877976392,True,-1.1708360255579038,0.175,21.482399680007283,2,1.5153180395248136,DebiasConvex,0,20,20,0.05,0.05,0.2,0.16847361821213835,staggered,intermittent,,,,,,,,
nonnegative_svd,non-convex,0.2702208211676026,,False,0.0,0.0,0.0,9,1.3563191763885916,DebiasConvex,0,20,20,0.05,0.05,0.2,0.07022082116760259,staggered,intermittent,svd,False,-0.0,15.566170219632316,1.0,11.6526768580341,,
nonnegative_nnmf,non-convex,0.2597449353734479,,False,0.0,0.0,0.0,2,1.4251764026760958,DebiasConvex,0,20,20,0.05,0.05,0.2,0.05974493537344788,staggered,intermittent,nnmf,False,-0.0,53.25709096668302,1.0,12.328055068291327,,
final_clip,non-convex,0.3135191946545403,,False,0.0,0.0,0.0,10,1.3570485827020642,DebiasConvex,0,20,20,0.05,0.05,0.2,0.1135191946545403,staggered,intermittent,,,,,,,0.36847361821213837,-0.05495442355759805
raw,non-convex,0.23649358130568593,0.034799008537602275,True,-0.5142996776754549,0.19,11.37229289932749,2,1.3785185521354402,DebiasConvex,1,20,20,0.05,0.05,0.2,0.03649358130568592,staggered,intermittent,,,,,,,,
nonnegative_svd,non-convex,0.18859546923373813,,False,0.0,0.0,0.0,13,1.3389646386233278,DebiasConvex,1,20,20,0.05,0.05,0.2,-0.011404530766261883,staggered,intermittent,svd,False,-0.0,87685031167.0502,1.0,6.547373888155682,,
nonnegative_nnmf,non-convex,0.17275004632015534,,False,0.0,0.0,0.0,2,1.3470477350380745,DebiasConvex,1,20,20,0.05,0.05,0.2,-0.027249953679844674,staggered,intermittent,nnmf,False,-0.0,44.308729230031,1.0,6.888386953132442,,
final_clip,non-convex,0.2138625705233999,,False,0.0,0.0,0.0,13,1.3338533936082406,DebiasConvex,1,20,20,0.05,0.05,0.2,0.013862570523399897,staggered,intermittent,,,,,,,0.23649358130568593,-0.02263101078228602
raw,non-convex,-0.6117411271174085,0.1380189822625598,True,0.27891318614755417,0.0,0.0,2,1.0457977329032342,DebiasConvex,0,20,20,0.05,0.2,-0.2,-0.41174112711740846,block,dense,,,,,,,,
nonnegative_svd,non-convex,-0.6117409353203156,,False,0.2789131284452131,0.0,0.0,2,1.0457977342065667,DebiasConvex,0,20,20,0.05,0.2,-0.2,-0.4117409353203156,block,dense,svd,False,-0.0,22.534624852391715,1.0,13.343565634491046,,
nonnegative_nnmf,non-convex,-0.6118119791213092,,False,0.28197381102237656,0.0,0.0,2,1.0457880804127861,DebiasConvex,0,20,20,0.05,0.2,-0.2,-0.41181197912130924,block,dense,nnmf,False,-0.0,22.533908733311584,1.0,13.343568621956406,,
final_clip,non-convex,-0.6117411271174084,,False,0.27891318614755417,0.0,0.0,2,1.0457977329032342,DebiasConvex,0,20,20,0.05,0.2,-0.2,-0.41174112711740835,block,dense,,,,,,,-0.6117411271174085,1.1102230246251565e-16
raw,non-convex,-0.2511899273512501,0.17589467594437525,True,-0.0003145187328150276,0.0025,0.0003145187328150276,2,1.0413369446655403,DebiasConvex,1,20,20,0.05,0.2,-0.2,-0.05118992735125011,block,dense,,,,,,,,
nonnegative_svd,non-convex,-0.2511898460208761,,False,0.0,0.0,0.0,3,1.0413367047266617,DebiasConvex,1,20,20,0.05,0.2,-0.2,-0.05118984602087606,block,dense,svd,False,-0.0,28242891489092.99,1.0,14.100457961123864,,
nonnegative_nnmf,non-convex,-0.2514441692302179,,False,0.0,0.0,0.0,2,1.041224947148423,DebiasConvex,1,20,20,0.05,0.2,-0.2,-0.051444169230217884,block,dense,nnmf,False,-0.0,18.279162198720833,1.0,14.100595753622883,,
final_clip,non-convex,-0.2511899273512501,,False,0.0,0.0,0.0,3,1.0413367041922104,DebiasConvex,1,20,20,0.05,0.2,-0.2,-0.05118992735125011,block,dense,,,,,,,-0.2511899273512501,0.0
raw,non-convex,-0.26758868149543835,0.0985647193361605,True,-0.3204965847433221,0.115,4.481423084664481,2,1.6051514977875636,DebiasConvex,0,20,20,0.05,0.2,-0.2,-0.06758868149543834,block,intermittent,,,,,,,,
nonnegative_svd,non-convex,-0.2767354813659791,,False,0.0,0.0,0.0,10,1.5790827789002844,DebiasConvex,0,20,20,0.05,0.2,-0.2,-0.07673548136597907,block,intermittent,svd,False,-0.0,6.807727770727187,1.0,9.576402190630827,,
nonnegative_nnmf,non-convex,-0.33437508721145115,,False,0.0,0.0,0.0,2,1.5475873235508013,DebiasConvex,0,20,20,0.05,0.2,-0.2,-0.13437508721145114,block,intermittent,nnmf,False,-0.0,21.413940764309956,1.0,9.670959800228585,,
final_clip,non-convex,-0.26989163371565567,,False,0.0,0.0,0.0,10,1.5785780676191343,DebiasConvex,0,20,20,0.05,0.2,-0.2,-0.06989163371565565,block,intermittent,,,,,,,-0.26758868149543835,-0.0023029522202173136
raw,non-convex,-0.037396324999093816,0.06249394731265938,True,-1.1268170084363966,0.245,24.951449320896195,2,1.410570088650689,DebiasConvex,1,20,20,0.05,0.2,-0.2,0.1626036750009062,block,intermittent,,,,,,,,
nonnegative_svd,non-convex,-0.1887892734766718,,False,0.0,0.0,0.0,13,1.2649833476673633,DebiasConvex,1,20,20,0.05,0.2,-0.2,0.011210726523328218,block,intermittent,svd,False,-0.0,21982004715.554626,1.0,8.08537202558626,,
nonnegative_nnmf,non-convex,-0.26415029596711215,,False,0.0,0.0,0.0,2,1.254875882353678,DebiasConvex,1,20,20,0.05,0.2,-0.2,-0.06415029596711214,block,intermittent,nnmf,False,-0.0,32.23373844906649,1.0,9.314136808980019,,
final_clip,non-convex,-0.12011002231798053,,False,0.0,0.0,0.0,14,1.2732772727591122,DebiasConvex,1,20,20,0.05,0.2,-0.2,0.07988997768201948,block,intermittent,,,,,,,-0.037396324999093816,-0.08271369731888671
raw,non-convex,0.11770503093606155,0.13638402252095247,True,0.5292889243219844,0.0,0.0,2,1.0352761716984322,DebiasConvex,0,20,20,0.05,0.2,-0.2,0.31770503093606156,sparse,dense,,,,,,,,
nonnegative_svd,non-convex,0.11770502969860469,,False,0.5292889231367272,0.0,0.0,2,1.0352761716892678,DebiasConvex,0,20,20,0.05,0.2,-0.2,0.3177050296986047,sparse,dense,svd,False,-0.0,43.992176956609086,1.0,18.551380596965465,,
nonnegative_nnmf,non-convex,0.1178641482609692,,False,0.5346275042502882,0.0,0.0,2,1.0352716497542436,DebiasConvex,0,20,20,0.05,0.2,-0.2,0.3178641482609692,sparse,dense,nnmf,False,-0.0,43.99463306298007,1.0,18.551387238522132,,
final_clip,non-convex,0.11770503093606156,,False,0.5292889243219844,0.0,0.0,2,1.0352761716984322,DebiasConvex,0,20,20,0.05,0.2,-0.2,0.31770503093606156,sparse,dense,,,,,,,0.11770503093606155,1.3877787807814457e-17
raw,non-convex,-0.27616173880805367,0.09461018187146658,True,0.4574883299047031,0.0,0.0,2,1.024119599261221,DebiasConvex,1,20,20,0.05,0.2,-0.2,-0.07616173880805366,sparse,dense,,,,,,,,
nonnegative_svd,non-convex,-0.27616173880805367,,False,0.4574883299047031,0.0,0.0,2,1.024119599261221,DebiasConvex,1,20,20,0.05,0.2,-0.2,-0.07616173880805366,sparse,dense,svd,False,-0.0,39.25977324449214,1.0,12.809575787031905,,
nonnegative_nnmf,non-convex,-0.2763945042251303,,False,0.4583807324649699,0.0,0.0,2,1.0241103874036164,DebiasConvex,1,20,20,0.05,0.2,-0.2,-0.07639450422513028,sparse,dense,nnmf,False,-0.0,39.25966914529978,1.0,12.80958240550208,,
final_clip,non-convex,-0.27616173880805367,,False,0.4574883299047031,0.0,0.0,2,1.024119599261221,DebiasConvex,1,20,20,0.05,0.2,-0.2,-0.07616173880805366,sparse,dense,,,,,,,-0.27616173880805367,0.0
raw,non-convex,-0.05217384714576693,0.09856288249754738,True,-0.9556468802869182,0.2125,28.053692141586325,2,1.4484614411010666,DebiasConvex,0,20,20,0.05,0.2,-0.2,0.1478261528542331,sparse,intermittent,,,,,,,,
nonnegative_svd,non-convex,-0.16268224975972304,,False,0.0,0.0,0.0,11,1.332585706156788,DebiasConvex,0,20,20,0.05,0.2,-0.2,0.037317750240276976,sparse,intermittent,svd,False,-0.0,7.951537408612984,1.0,10.590317424421055,,
nonnegative_nnmf,non-convex,-0.21151164188128857,,False,0.0,0.0,0.0,2,1.3333660264276113,DebiasConvex,0,20,20,0.05,0.2,-0.2,-0.011511641881288559,sparse,intermittent,nnmf,False,-0.0,36.19187313158905,1.0,11.562659497316846,,
final_clip,non-convex,-0.13330932774381576,,False,0.0,0.0,0.0,9,1.334239145400321,DebiasConvex,0,20,20,0.05,0.2,-0.2,0.06669067225618425,sparse,intermittent,,,,,,,-0.05217384714576693,-0.08113548059804884
raw,non-convex,-0.14928697298875343,0.06629774556186296,True,-1.4949194854099672,0.215,26.70562650657528,2,1.4514572229332887,DebiasConvex,1,20,20,0.05,0.2,-0.2,0.05071302701124658,sparse,intermittent,,,,,,,,
nonnegative_svd,non-convex,-0.25979977964365797,,False,0.0,0.0,0.0,11,1.2928530771142441,DebiasConvex,1,20,20,0.05,0.2,-0.2,-0.05979977964365796,sparse,intermittent,svd,False,-0.0,7.268412551967819,1.0,9.530266601617502,,
nonnegative_nnmf,non-convex,-0.3199528932303262,,False,0.0,0.0,0.0,2,1.3208400871411907,DebiasConvex,1,20,20,0.05,0.2,-0.2,-0.11995289323032621,sparse,intermittent,nnmf,False,-0.0,35.97528801645412,1.0,10.789874895693428,,
final_clip,non-convex,-0.23191529162838256,,False,0.0,0.0,0.0,11,1.291755449633773,DebiasConvex,1,20,20,0.05,0.2,-0.2,-0.03191529162838255,sparse,intermittent,,,,,,,-0.14928697298875343,-0.08262831863962913
raw,non-convex,0.2691859354917375,0.17771604092975996,True,-0.6842698907302701,0.0025,0.6842698907302701,2,1.042978321553505,DebiasConvex,0,20,20,0.05,0.2,-0.2,0.46918593549173754,row,dense,,,,,,,,
nonnegative_svd,non-convex,0.26918587047871695,,False,0.0,0.0,0.0,3,1.0423654439014216,DebiasConvex,0,20,20,0.05,0.2,-0.2,0.46918587047871696,row,dense,svd,False,-0.0,13.609367425507472,1.0,17.59736485393354,,
nonnegative_nnmf,non-convex,0.2650334629130853,,False,0.0,0.0,0.0,2,1.0419268420776862,DebiasConvex,0,20,20,0.05,0.2,-0.2,0.46503346291308534,row,dense,nnmf,False,-0.0,19.45049241957301,1.0,17.61043084974403,,
final_clip,non-convex,0.26918593549173747,,False,0.0,0.0,0.0,3,1.0423654442942079,DebiasConvex,0,20,20,0.05,0.2,-0.2,0.4691859354917375,row,dense,,,,,,,0.2691859354917375,-5.551115123125783e-17
raw,non-convex,14.359291262877793,261.2736750163769,True,-9.223479646974962,0.25,798.020044127051,2,1.7713887447691945,DebiasConvex,1,20,20,0.05,0.2,-0.2,14.559291262877792,row,dense,,,,,,,,
nonnegative_svd,non-convex,-0.1521342916504569,,False,0.554999189330341,0.0,0.0,2,1.0309310190892969,DebiasConvex,1,20,20,0.05,0.2,-0.2,0.047865708349543123,row,dense,svd,False,-0.0,24.14948597230181,1.0,17.10624167680705,,
nonnegative_nnmf,non-convex,-0.15250282465157974,,False,0.5575488574998385,0.0,0.0,2,1.0309211195418015,DebiasConvex,1,20,20,0.05,0.2,-0.2,0.04749717534842027,row,dense,nnmf,False,-0.0,24.14721222726385,1.0,17.106248829994577,,
final_clip,non-convex,6.3790908216072815,,False,0.0,0.0,0.0,4,1.142344428113355,DebiasConvex,1,20,20,0.05,0.2,-0.2,6.579090821607282,row,dense,,,,,,,14.359291262877793,-7.980200441270512
raw,non-convex,-0.1787622390977684,0.10937915777828275,True,-0.7889967689827722,0.1575,12.561315921917767,2,1.562643802150576,DebiasConvex,0,20,20,0.05,0.2,-0.2,0.021237760902231617,row,intermittent,,,,,,,,
nonnegative_svd,non-convex,-0.34651134546181467,,False,0.0,0.0,0.0,11,1.4549755484750118,DebiasConvex,0,20,20,0.05,0.2,-0.2,-0.14651134546181466,row,intermittent,svd,False,-0.0,4.866597586251995,1.0,9.631300946618985,,
nonnegative_nnmf,non-convex,-0.38823224182067506,,False,0.0,0.0,0.0,2,1.4459401887320937,DebiasConvex,0,20,20,0.05,0.2,-0.2,-0.18823224182067505,row,intermittent,nnmf,False,-0.0,19.503749899669124,1.0,9.922388356429279,,
final_clip,non-convex,-0.2397944325195565,,False,0.0,0.0,0.0,12,1.4581051790627344,DebiasConvex,0,20,20,0.05,0.2,-0.2,-0.0397944325195565,row,intermittent,,,,,,,-0.1787622390977684,-0.06103219342178812
raw,non-convex,-0.1174934985755165,0.034039703793288814,True,-0.8522819323865071,0.195,10.713763403428464,2,1.414045914415624,DebiasConvex,1,20,20,0.05,0.2,-0.2,0.08250650142448351,row,intermittent,,,,,,,,
nonnegative_svd,non-convex,-0.19578387645008755,,False,0.0,0.0,0.0,13,1.351906754952607,DebiasConvex,1,20,20,0.05,0.2,-0.2,0.004216123549912465,row,intermittent,svd,False,-0.0,7.083173085300621,1.0,8.399490243831215,,
nonnegative_nnmf,non-convex,-0.24320502567204444,,False,0.0,0.0,0.0,2,1.3374577493791273,DebiasConvex,1,20,20,0.05,0.2,-0.2,-0.04320502567204443,row,intermittent,nnmf,False,-0.0,42.343725655333486,1.0,8.672045448978318,,
final_clip,non-convex,-0.16443204481992246,,False,0.0,0.0,0.0,16,1.350927421551821,DebiasConvex,1,20,20,0.05,0.2,-0.2,0.03556795518007755,row,intermittent,,,,,,,-0.1174934985755165,-0.046938546244405965
raw,non-convex,-0.07037951087188202,0.10993433825397908,True,0.14836153860234963,0.0,0.0,2,1.0416003739642687,DebiasConvex,0,20,20,0.05,0.2,-0.2,0.129620489128118,staggered,dense,,,,,,,,
nonnegative_svd,non-convex,-0.07037954550428797,,False,0.14836157806032055,0.0,0.0,2,1.0416003735250503,DebiasConvex,0,20,20,0.05,0.2,-0.2,0.12962045449571202,staggered,dense,svd,False,-0.0,25.71339613859534,1.0,11.094927398144938,,
nonnegative_nnmf,non-convex,-0.07426064854910057,,False,0.19877153779848736,0.0,0.0,2,1.0414328205102108,DebiasConvex,0,20,20,0.05,0.2,-0.2,0.12573935145089943,staggered,dense,nnmf,False,-0.0,25.702820810991764,1.0,11.095176166063789,,
final_clip,non-convex,-0.07037951087188202,,False,0.14836153860234963,0.0,0.0,2,1.0416003739642687,DebiasConvex,0,20,20,0.05,0.2,-0.2,0.129620489128118,staggered,dense,,,,,,,-0.07037951087188202,0.0
raw,non-convex,-0.25707454164973154,0.15081035498430675,True,0.3549516851650115,0.0,0.0,2,1.0461931041910653,DebiasConvex,1,20,20,0.05,0.2,-0.2,-0.057074541649731525,staggered,dense,,,,,,,,
nonnegative_svd,non-convex,-0.25707463472508885,,False,0.35495176701887077,0.0,0.0,2,1.0461931036775205,DebiasConvex,1,20,20,0.05,0.2,-0.2,-0.057074634725088835,staggered,dense,svd,False,-0.0,23.7418897539111,1.0,16.234686531547254,,
nonnegative_nnmf,non-convex,-0.25828951595201144,,False,0.3484079702193706,0.0,0.0,2,1.0460918462688624,DebiasConvex,1,20,20,0.05,0.2,-0.2,-0.05828951595201143,staggered,dense,nnmf,False,-0.0,23.730255373131385,1.0,16.234905395683516,,
final_clip,non-convex,-0.25707454164973154,,False,0.3549516851650115,0.0,0.0,2,1.0461931041910653,DebiasConvex,1,20,20,0.05,0.2,-0.2,-0.057074541649731525,staggered,dense,,,,,,,-0.25707454164973154,0.0
raw,non-convex,0.26214216166932935,0.10142046958156375,True,-0.7390930708063566,0.1725,12.495542944206562,2,1.6625334666812568,DebiasConvex,0,20,20,0.05,0.2,-0.2,0.46214216166932937,staggered,intermittent,,,,,,,,
nonnegative_svd,non-convex,0.15188905771430145,,False,0.0,0.0,0.0,12,1.578192390861951,DebiasConvex,0,20,20,0.05,0.2,-0.2,0.35188905771430146,staggered,intermittent,svd,False,-0.0,5.972980115841672,1.0,12.326796491311493,,
nonnegative_nnmf,non-convex,0.00483837237370483,,False,0.0,0.0,0.0,2,1.534962213722704,DebiasConvex,0,20,20,0.05,0.2,-0.2,0.20483837237370484,staggered,intermittent,nnmf,False,-0.0,37.08170684173295,1.0,12.543821757625455,,
final_clip,non-convex,0.21062435773802898,,False,0.0,0.0,0.0,12,1.5624551671879614,DebiasConvex,0,20,20,0.05,0.2,-0.2,0.41062435773802897,staggered,intermittent,,,,,,,0.26214216166932935,-0.05151780393130037
raw,non-convex,-0.11162576331851193,0.07383585795518653,True,-1.0941708652717612,0.2225,23.654131556058253,2,1.3229870479461256,DebiasConvex,1,20,20,0.05,0.2,-0.2,0.08837423668148808,staggered,intermittent,,,,,,,,
nonnegative_svd,non-convex,-0.2683716784784605,,False,0.0,0.0,0.0,10,1.2427951475710506,DebiasConvex,1,20,20,0.05,0.2,-0.2,-0.06837167847846048,staggered,intermittent,svd,False,-0.0,10.406079196960864,1.0,7.8216424152045425,,
nonnegative_nnmf,non-convex,-0.3528445545954179,,False,0.0,0.0,0.0,2,1.2376315547685763,DebiasConvex,1,20,20,0.05,0.2,-0.2,-0.1528445545954179,staggered,intermittent,nnmf,False,-0.0,24.689829274467012,1.0,8.928080313167081,,
final_clip,non-convex,-0.16681367230447697,,False,0.0,0.0,0.0,13,1.2385236915914661,DebiasConvex,1,20,20,0.05,0.2,-0.2,0.033186327695523044,staggered,intermittent,,,,,,,-0.11162576331851193,-0.05518790898596504
raw,non-convex,-0.017199626151839932,0.21254985323079534,True,0.5989427652073985,0.0,0.0,2,1.0631253530160272,DebiasConvex,0,20,20,0.05,0.2,0.2,-0.21719962615183994,block,dense,,,,,,,,
nonnegative_svd,non-convex,-0.01719961827621191,,False,0.5989427553962001,0.0,0.0,2,1.063125353082574,DebiasConvex,0,20,20,0.05,0.2,0.2,-0.21719961827621193,block,dense,svd,False,-0.0,22.40647753215109,1.0,20.12965502028661,,
nonnegative_nnmf,non-convex,-0.017791476351184273,,False,0.6020640682707455,0.0,0.0,2,1.063107571779588,DebiasConvex,0,20,20,0.05,0.2,0.2,-0.2177914763511843,block,dense,nnmf,False,-0.0,22.40293261182288,1.0,20.129658631380675,,
final_clip,non-convex,-0.017199626151839925,,False,0.5989427652073985,0.0,0.0,2,1.0631253530160272,DebiasConvex,0,20,20,0.05,0.2,0.2,-0.21719962615183994,block,dense,,,,,,,-0.017199626151839932,6.938893903907228e-18
raw,non-convex,0.13913445926344012,0.14620744374328903,True,0.2559270822874133,0.0,0.0,2,1.0782398075404902,DebiasConvex,1,20,20,0.05,0.2,0.2,-0.06086554073655989,block,dense,,,,,,,,
nonnegative_svd,non-convex,0.13913449552253748,,False,0.2559270749377386,0.0,0.0,2,1.0782398080702669,DebiasConvex,1,20,20,0.05,0.2,0.2,-0.06086550447746253,block,dense,svd,False,-0.0,23.536169450346588,1.0,14.08884458829271,,
nonnegative_nnmf,non-convex,0.13951761633179252,,False,0.26441166343823075,0.0,0.0,2,1.0781947524013873,DebiasConvex,1,20,20,0.05,0.2,0.2,-0.06048238366820749,block,dense,nnmf,False,-0.0,23.540986280237444,1.0,14.088872897168564,,
final_clip,non-convex,0.13913445926344012,,False,0.2559270822874133,0.0,0.0,2,1.0782398075404902,DebiasConvex,1,20,20,0.05,0.2,0.2,-0.06086554073655989,block,dense,,,,,,,0.13913445926344012,0.0
raw,non-convex,0.3168078247616541,0.04843799214530236,True,-0.9416591654535974,0.3,20.913360190404266,2,1.2082468136225513,DebiasConvex,0,20,20,0.05,0.2,0.2,0.11680782476165408,block,intermittent,,,,,,,,
nonnegative_svd,non-convex,0.21197644975331975,,False,0.0,0.0,0.0,17,1.1591423551557525,DebiasConvex,0,20,20,0.05,0.2,0.2,0.01197644975331974,block,intermittent,svd,False,-0.0,243128.46044563345,1.0,7.523768222776236,,
nonnegative_nnmf,non-convex,0.17526877587566161,,False,0.0,0.0,0.0,2,1.1593700038931125,DebiasConvex,0,20,20,0.05,0.2,0.2,-0.024731224124338397,block,intermittent,nnmf,False,-0.0,41.64752133004907,1.0,8.465122777100541,,
final_clip,non-convex,0.25205116789953713,,False,0.0,0.0,0.0,15,1.1590612548587051,DebiasConvex,0,20,20,0.05,0.2,0.2,0.05205116789953712,block,intermittent,,,,,,,0.3168078247616541,-0.06475665686211696
raw,non-convex,0.3838980319581449,0.06832484462804435,True,-1.0030053684469311,0.205,18.36287631414624,2,1.568627370018366,DebiasConvex,1,20,20,0.05,0.2,0.2,0.18389803195814491,block,intermittent,,,,,,,,
nonnegative_svd,non-convex,0.26201356091696854,,False,0.0,0.0,0.0,13,1.452752609944819,DebiasConvex,1,20,20,0.05,0.2,0.2,0.062013560916968524,block,intermittent,svd,False,-0.0,52663647270731.53,1.0,11.881569286058252,,
nonnegative_nnmf,non-convex,0.20401349936330357,,False,0.0,0.0,0.0,2,1.4324153683209544,DebiasConvex,1,20,20,0.05,0.2,0.2,0.004013499363303558,block,intermittent,nnmf,False,-0.0,39.332198301868516,1.0,12.41647089978793,,
final_clip,non-convex,0.3130505853987679,,False,0.0,0.0,0.0,12,1.4528224410589827,DebiasConvex,1,20,20,0.05,0.2,0.2,0.11305058539876789,block,intermittent,,,,,,,0.3838980319581449,-0.07084744655937703
raw,non-convex,0.25946184017305585,0.07007910434697033,True,0.06334376578554653,0.0,0.0,2,1.0419952177026965,DebiasConvex,0,20,20,0.05,0.2,0.2,0.059461840173055835,sparse,dense,,,,,,,,
nonnegative_svd,non-convex,0.25946183563767455,,False,0.0633437710366684,0.0,0.0,2,1.041995217694349,DebiasConvex,0,20,20,0.05,0.2,0.2,0.05946183563767454,sparse,dense,svd,False,-0.0,45.634036799537526,1.0,10.909405494912559,,
nonnegative_nnmf,non-convex,0.25927378432828985,,False,0.07318182713815773,0.0,0.0,2,1.0419837338463336,DebiasConvex,0,20,20,0.05,0.2,0.2,0.059273784328289836,sparse,dense,nnmf,False,-0.0,45.6339377513711,1.0,10.909416520484067,,
final_clip,non-convex,0.25946184017305585,,False,0.06334376578554653,0.0,0.0,2,1.0419952177026965,DebiasConvex,0,20,20,0.05,0.2,0.2,0.059461840173055835,sparse,dense,,,,,,,0.25946184017305585,0.0
raw,non-convex,0.3517969975647143,0.10692092854536142,True,1.133804738560681,0.0,0.0,2,1.0238515052193533,DebiasConvex,1,20,20,0.05,0.2,0.2,0.15179699756471426,sparse,dense,,,,,,,,
nonnegative_svd,non-convex,0.3517969974001587,,False,1.133804738602631,0.0,0.0,2,1.023851505218828,DebiasConvex,1,20,20,0.05,0.2,0.2,0.15179699740015867,sparse,dense,svd,False,-0.0,49.94880736087656,1.0,15.085375127612826,,
nonnegative_nnmf,non-convex,0.35166077873553847,,False,1.1467230136285076,0.0,0.0,2,1.0238442760678632,DebiasConvex,1,20,20,0.05,0.2,0.2,0.15166077873553846,sparse,dense,nnmf,False,-0.0,49.95054910764152,1.0,15.08538958962766,,
final_clip,non-convex,0.3517969975647143,,False,1.133804738560681,0.0,0.0,2,1.0238515052193533,DebiasConvex,1,20,20,0.05,0.2,0.2,0.15179699756471426,sparse,dense,,,,,,,0.3517969975647143,0.0
raw,non-convex,0.2574864462636468,0.05270895391048621,True,-0.794456117599059,0.2375,19.866460887577887,2,1.3535353907315606,DebiasConvex,0,20,20,0.05,0.2,0.2,0.057486446263646795,sparse,intermittent,,,,,,,,
nonnegative_svd,non-convex,0.16638680281808355,,False,0.0,0.0,0.0,15,1.2466250173143043,DebiasConvex,0,20,20,0.05,0.2,0.2,-0.033613197181916465,sparse,intermittent,svd,False,-0.0,27164110016328.676,1.0,7.8397186033770385,,
nonnegative_nnmf,non-convex,0.13861819842188497,,False,0.0,0.0,0.0,2,1.251945717423152,DebiasConvex,0,20,20,0.05,0.2,0.2,-0.06138180157811504,sparse,intermittent,nnmf,False,-0.0,43.86630536296582,1.0,8.610855320843324,,
final_clip,non-convex,0.19075467812838748,,False,0.0,0.0,0.0,15,1.2505712516729872,DebiasConvex,0,20,20,0.05,0.2,0.2,-0.009245321871612533,sparse,intermittent,,,,,,,0.2574864462636468,-0.06673176813525933
raw,non-convex,0.18143640851605722,0.059354517866983036,True,-0.6177564849089778,0.2375,15.332400304176423,2,1.362284907406674,DebiasConvex,1,20,20,0.05,0.2,0.2,-0.018563591483942793,sparse,intermittent,,,,,,,,
nonnegative_svd,non-convex,0.1538287901225729,,False,0.0,0.0,0.0,14,1.3017778315469664,DebiasConvex,1,20,20,0.05,0.2,0.2,-0.04617120987742712,sparse,intermittent,svd,False,-0.0,4.533792149733074,1.0,9.39363208950006,,
nonnegative_nnmf,non-convex,0.09903134023023859,,False,0.0,0.0,0.0,2,1.2998594058777138,DebiasConvex,1,20,20,0.05,0.2,0.2,-0.10096865976976142,sparse,intermittent,nnmf,False,-0.0,40.581442051401424,1.0,9.82230431466455,,
final_clip,non-convex,0.16179547485903306,,False,0.0,0.0,0.0,13,1.2995941990553685,DebiasConvex,1,20,20,0.05,0.2,0.2,-0.03820452514096695,sparse,intermittent,,,,,,,0.18143640851605722,-0.019640933657024157
raw,non-convex,13.680845602151022,213.6269134509772,True,-8.975118973514705,0.25,823.5946562584159,2,1.4900094835966042,DebiasConvex,0,20,20,0.05,0.2,0.2,13.480845602151023,row,dense,,,,,,,,
nonnegative_svd,non-convex,5.0217961228704615,,False,0.0,0.0,0.0,4,1.1145987468693692,DebiasConvex,0,20,20,0.05,0.2,0.2,4.821796122870461,row,dense,svd,False,-0.0,0.0015764120507795543,1.0,26.013507998347443,,
nonnegative_nnmf,non-convex,0.2426408685229788,,False,0.0,0.0,0.0,2,1.0516691124103832,DebiasConvex,0,20,20,0.05,0.2,0.2,0.0426408685229788,row,dense,nnmf,False,-0.0,24.11317075909222,1.0,11.54013324598639,,
final_clip,non-convex,5.444899039566861,,False,0.0,0.0,0.0,4,1.1445232047596183,DebiasConvex,0,20,20,0.05,0.2,0.2,5.244899039566861,row,dense,,,,,,,13.680845602151022,-8.23594656258416
raw,non-convex,0.513897719175512,0.19285283802190636,True,0.3722259432932321,0.0,0.0,2,1.0508497953333786,DebiasConvex,1,20,20,0.05,0.2,0.2,0.31389771917551196,row,dense,,,,,,,,
nonnegative_svd,non-convex,0.5138976829945987,,False,0.3722259526068866,0.0,0.0,2,1.0508497951121631,DebiasConvex,1,20,20,0.05,0.2,0.2,0.3138976829945987,row,dense,svd,False,-0.0,28.052005335311314,1.0,18.33932255902012,,
nonnegative_nnmf,non-convex,0.5032794620280189,,False,0.35475375659101177,0.0,0.0,2,1.0505621439438737,DebiasConvex,1,20,20,0.05,0.2,0.2,0.30327946202801886,row,dense,nnmf,False,-0.0,27.938374922301072,1.0,18.34099985432033,,
final_clip,non-convex,0.513897719175512,,False,0.3722259432932321,0.0,0.0,2,1.0508497953333786,DebiasConvex,1,20,20,0.05,0.2,0.2,0.31389771917551196,row,dense,,,,,,,0.513897719175512,0.0
raw,non-convex,-0.1199977736822688,0.11727148760057296,True,-0.5450329770417801,0.0875,4.583672493256844,2,1.4453990790007152,DebiasConvex,0,20,20,0.05,0.2,0.2,-0.3199977736822688,row,intermittent,,,,,,,,
nonnegative_svd,non-convex,-0.11999776464235909,,False,0.0,0.0,0.0,9,1.4211793248439681,DebiasConvex,0,20,20,0.05,0.2,0.2,-0.3199977646423591,row,intermittent,svd,False,-0.0,10155911.273279637,1.0,10.022993914956993,,
nonnegative_nnmf,non-convex,-0.10669855954609482,,False,0.0,0.0,0.0,2,1.4079502086758406,DebiasConvex,0,20,20,0.05,0.2,0.2,-0.3066985595460948,row,intermittent,nnmf,False,-0.0,24.19199654046479,1.0,10.201513809940716,,
final_clip,non-convex,-0.11999777368226879,,False,0.0,0.0,0.0,9,1.4211793231487975,DebiasConvex,0,20,20,0.05,0.2,0.2,-0.3199977736822688,row,intermittent,,,,,,,-0.1199977736822688,1.3877787807814457e-17
raw,non-convex,0.18795298779093478,0.12012497168570534,True,-0.6921134958889162,0.09,6.217026638135408,2,1.4706719031213116,DebiasConvex,1,20,20,0.05,0.2,0.2,-0.012047012209065233,row,intermittent,,,,,,,,
nonnegative_svd,non-convex,0.14804632299792533,,False,0.0,0.0,0.0,9,1.3937650612279613,DebiasConvex,1,20,20,0.05,0.2,0.2,-0.05195367700207468,row,intermittent,svd,False,-0.0,7.513859884143233,1.0,12.382461851587053,,
nonnegative_nnmf,non-convex,0.11461856933188017,,False,0.0,0.0,0.0,2,1.3696138286851693,DebiasConvex,1,20,20,0.05,0.2,0.2,-0.08538143066811985,row,intermittent,nnmf,False,-0.0,22.724747716162632,1.0,12.572424742324648,,
final_clip,non-convex,0.1776399003845274,,False,0.0,0.0,0.0,9,1.4009114303452797,DebiasConvex,1,20,20,0.05,0.2,0.2,-0.02236009961547261,row,intermittent,,,,,,,0.18795298779093478,-0.010313087406407379
raw,non-convex,0.3207859345139561,0.16961374942131052,True,0.051228057546001446,0.0,0.0,2,1.0232118427357793,DebiasConvex,0,20,20,0.05,0.2,0.2,0.12078593451395608,staggered,dense,,,,,,,,
nonnegative_svd,non-convex,0.32078597730234154,,False,0.051228061685623764,0.0,0.0,2,1.0232118428919978,DebiasConvex,0,20,20,0.05,0.2,0.2,0.12078597730234153,staggered,dense,svd,False,-0.0,23.57851298333444,1.0,14.608901608978995,,
nonnegative_nnmf,non-convex,0.32142618166270104,,False,0.19803278725675144,0.0,0.0,2,1.0230210254759973,DebiasConvex,0,20,20,0.05,0.2,0.2,0.12142618166270103,staggered,dense,nnmf,False,-0.0,23.56200534871145,1.0,14.610119405427552,,
final_clip,non-convex,0.32078593451395615,,False,0.051228057546001446,0.0,0.0,2,1.0232118427357793,DebiasConvex,0,20,20,0.05,0.2,0.2,0.12078593451395614,staggered,dense,,,,,,,0.3207859345139561,5.551115123125783e-17
raw,non-convex,0.05787445619924908,0.1429716234208925,True,1.216412047829831,0.0,0.0,2,1.0332069168134796,DebiasConvex,1,20,20,0.05,0.2,0.2,-0.14212554380075093,staggered,dense,,,,,,,,
nonnegative_svd,non-convex,0.05787447469404772,,False,1.216412046110324,0.0,0.0,2,1.0332069168707576,DebiasConvex,1,20,20,0.05,0.2,0.2,-0.1421255253059523,staggered,dense,svd,False,-0.0,23.849934947437294,1.0,11.73339595910513,,
nonnegative_nnmf,non-convex,0.05762357063979381,,False,1.215278483777279,0.0,0.0,2,1.033206285259289,DebiasConvex,1,20,20,0.05,0.2,0.2,-0.1423764293602062,staggered,dense,nnmf,False,-0.0,23.849505358139353,1.0,11.733398231129666,,
final_clip,non-convex,0.05787445619924909,,False,1.216412047829831,0.0,0.0,2,1.0332069168134796,DebiasConvex,1,20,20,0.05,0.2,0.2,-0.14212554380075093,staggered,dense,,,,,,,0.05787445619924908,6.938893903907228e-18
raw,non-convex,0.5394088576771555,0.06809623116459639,True,-1.354561233808921,0.275,38.45973475573358,2,1.4082894341934011,DebiasConvex,0,20,20,0.05,0.2,0.2,0.3394088576771555,staggered,intermittent,,,,,,,,
nonnegative_svd,non-convex,0.31599240352076374,,False,0.0,0.0,0.0,13,1.2403845622632859,DebiasConvex,0,20,20,0.05,0.2,0.2,0.11599240352076373,staggered,intermittent,svd,False,-0.0,523828665127.28796,1.0,10.403988288253975,,
nonnegative_nnmf,non-convex,0.21391207268096163,,False,0.0,0.0,0.0,2,1.2538738819697208,DebiasConvex,0,20,20,0.05,0.2,0.2,0.013912072680961618,staggered,intermittent,nnmf,False,-0.0,47.8223163616685,1.0,11.782718605229816,,
final_clip,non-convex,0.3810896569501965,,False,0.0,0.0,0.0,13,1.235152587161385,DebiasConvex,0,20,20,0.05,0.2,0.2,0.18108965695019646,staggered,intermittent,,,,,,,0.5394088576771555,-0.15831920072695904
raw,non-convex,0.3457635969291565,0.08121280188303687,True,-0.46437360011995843,0.1475,7.417758345139202,2,1.4031066035449122,DebiasConvex,1,20,20,0.05,0.2,0.2,0.14576359692915647,staggered,intermittent,,,,,,,,
nonnegative_svd,non-convex,0.2952484466446493,,False,0.0,0.0,0.0,13,1.389655099988876,DebiasConvex,1,20,20,0.05,0.2,0.2,0.09524844664464927,staggered,intermittent,svd,False,-0.0,8568064.025211953,1.0,10.870097158612944,,
nonnegative_nnmf,non-convex,0.21648821613163458,,False,0.0,0.0,0.0,2,1.3797980832501202,DebiasConvex,1,20,20,0.05,0.2,0.2,0.016488216131634564,staggered,intermittent,nnmf,False,-0.0,33.933457547558746,1.0,10.988804855116701,,
final_clip,non-convex,0.32290963478664275,,False,0.0,0.0,0.0,13,1.3899764530500223,DebiasConvex,1,20,20,0.05,0.2,0.2,0.12290963478664274,staggered,intermittent,,,,,,,0.3457635969291565,-0.02285396214251373
raw,non-convex,-0.9726420031363529,0.20916011526547162,True,1.0088652812378767,0.0,0.0,2,1.0199990047398646,DebiasConvex,0,20,20,1.0,0.05,-0.2,-0.7726420031363528,block,dense,,,,,,,,
nonnegative_svd,non-convex,-0.9726426192565956,,False,1.0088653068472277,0.0,0.0,2,1.0199990037902804,DebiasConvex,0,20,20,1.0,0.05,-0.2,-0.7726426192565956,block,dense,svd,False,-0.0,20.491373009486228,1.0,16.291462725653577,,
nonnegative_nnmf,non-convex,-0.972871548483871,,False,1.0190736829303557,0.0,0.0,2,1.0199901441843289,DebiasConvex,0,20,20,1.0,0.05,-0.2,-0.7728715484838711,block,dense,nnmf,False,-0.0,20.496931975693407,1.0,16.291475250438392,,
final_clip,non-convex,-0.9726420031363529,,False,1.0088652812378767,0.0,0.0,2,1.0199990047398646,DebiasConvex,0,20,20,1.0,0.05,-0.2,-0.7726420031363528,block,dense,,,,,,,-0.9726420031363529,0.0
raw,non-convex,-0.293986670727519,0.17945463237384415,True,1.3832018240958357,0.0,0.0,2,1.0413258736035413,DebiasConvex,1,20,20,1.0,0.05,-0.2,-0.09398667072751898,block,dense,,,,,,,,
nonnegative_svd,non-convex,-0.29398669796696014,,False,1.3832018583042167,0.0,0.0,2,1.0413258734500492,DebiasConvex,1,20,20,1.0,0.05,-0.2,-0.09398669796696013,block,dense,svd,False,-0.0,19.9426385310364,1.0,13.567611936748134,,
nonnegative_nnmf,non-convex,-0.2946500170541166,,False,1.3908096935717,0.0,0.0,2,1.0413081055559528,DebiasConvex,1,20,20,1.0,0.05,-0.2,-0.09465001705411658,block,dense,nnmf,False,-0.0,19.942507557900853,1.0,13.567620758791218,,
final_clip,non-convex,-0.293986670727519,,False,1.3832018240958357,0.0,0.0,2,1.0413258736035413,DebiasConvex,1,20,20,1.0,0.05,-0.2,-0.09398667072751898,block,dense,,,,,,,-0.293986670727519,0.0
raw,non-convex,-0.1629305992242038,0.058328759508546366,True,-0.4394194188609815,0.11,3.918310836274766,2,1.7183610836732168,DebiasConvex,0,20,20,1.0,0.05,-0.2,0.03706940077579621,block,intermittent,,,,,,,,
nonnegative_svd,non-convex,-0.19620485984097158,,False,0.0,0.0,0.0,9,1.6792071424203625,DebiasConvex,0,20,20,1.0,0.05,-0.2,0.0037951401590284317,block,intermittent,svd,False,-0.0,232964408968165.8,1.0,7.620691336928431,,
nonnegative_nnmf,non-convex,-0.20925429495910336,,False,0.0,0.0,0.0,2,1.6719204955453697,DebiasConvex,0,20,20,1.0,0.05,-0.2,-0.009254294959103349,block,intermittent,nnmf,False,-0.0,30.925238635186375,1.0,7.681336579234548,,
final_clip,non-convex,-0.1757161662998703,,False,0.0,0.0,0.0,9,1.679673166789039,DebiasConvex,0,20,20,1.0,0.05,-0.2,0.02428383370012971,block,intermittent,,,,,,,-0.1629305992242038,-0.012785567075666499
raw,non-convex,-0.10211645818271305,0.07033375517058614,True,-0.2811183689203292,0.1425,5.534724156806292,2,1.6256621543274978,DebiasConvex,1,20,20,1.0,0.05,-0.2,0.09788354181728696,block,intermittent,,,,,,,,
nonnegative_svd,non-convex,-0.13107145693621675,,False,0.0,0.0,0.0,10,1.5614701456106916,DebiasConvex,1,20,20,1.0,0.05,-0.2,0.06892854306378327,block,intermittent,svd,False,-0.0,18278285767218.492,1.0,8.559276008848094,,
nonnegative_nnmf,non-convex,-0.15783037035666092,,False,0.0,0.0,0.0,2,1.5415068721578773,DebiasConvex,1,20,20,1.0,0.05,-0.2,0.04216962964333909,block,intermittent,nnmf,False,-0.0,39.486840329427224,1.0,8.651837130314048,,
final_clip,non-convex,-0.11802671403456687,,False,0.0,0.0,0.0,9,1.5641171382003227,DebiasConvex,1,20,20,1.0,0.05,-0.2,0.08197328596543314,block,intermittent,,,,,,,-0.10211645818271305,-0.015910255851853822
raw,non-convex,-0.23950047296125876,0.10328571292860834,True,1.2721094285434738,0.0,0.0,2,1.0266764465157479,DebiasConvex,0,20,20,1.0,0.05,-0.2,-0.03950047296125875,sparse,dense,,,,,,,,
nonnegative_svd,non-convex,-0.23950047827567142,,False,1.2721094297744084,0.0,0.0,2,1.0266764464798164,DebiasConvex,0,20,20,1.0,0.05,-0.2,-0.03950047827567141,sparse,dense,svd,False,-0.0,42.98751366018342,1.0,12.380722176858495,,
nonnegative_nnmf,non-convex,-0.23946275136131454,,False,1.2928762753618435,0.0,0.0,2,1.026665069831141,DebiasConvex,0,20,20,1.0,0.05,-0.2,-0.039462751361314524,sparse,dense,nnmf,False,-0.0,43.022734681171386,1.0,12.380775346334556,,
final_clip,non-convex,-0.23950047296125876,,False,1.2721094285434738,0.0,0.0,2,1.0266764465157479,DebiasConvex,0,20,20,1.0,0.05,-0.2,-0.03950047296125875,sparse,dense,,,,,,,-0.23950047296125876,0.0
raw,non-convex,-0.2178425664091023,0.06469686372476234,True,1.762737859658457,0.0,0.0,2,1.0254018479708134,DebiasConvex,1,20,20,1.0,0.05,-0.2,-0.017842566409102284,sparse,dense,,,,,,,,
nonnegative_svd,non-convex,-0.2178425674865078,,False,1.7627378599238004,0.0,0.0,2,1.0254018479700124,DebiasConvex,1,20,20,1.0,0.05,-0.2,-0.017842567486507782,sparse,dense,svd,False,-0.0,39.21381906373552,1.0,8.82279236695841,,
nonnegative_nnmf,non-convex,-0.21819349016387352,,False,1.7623263457359606,0.0,0.0,2,1.0253927762308337,DebiasConvex,1,20,20,1.0,0.05,-0.2,-0.018193490163873505,sparse,dense,nnmf,False,-0.0,39.21507794237115,1.0,8.822812056913575,,
final_clip,non-convex,-0.21784256640910232,,False,1.762737859658457,0.0,0.0,2,1.0254018479708134,DebiasConvex,1,20,20,1.0,0.05,-0.2,-0.01784256640910231,sparse,dense,,,,,,,-0.2178425664091023,-2.7755575615628914e-17
raw,non-convex,-0.11177334150915832,0.05219551057248114,True,-0.623226283127944,0.1725,8.623199193561739,2,1.49557930014941,DebiasConvex,0,20,20,1.0,0.05,-0.2,0.08822665849084169,sparse,intermittent,,,,,,,,
nonnegative_svd,non-convex,-0.12783982019469375,,False,0.0,0.0,0.0,10,1.442852218559934,DebiasConvex,0,20,20,1.0,0.05,-0.2,0.07216017980530626,sparse,intermittent,svd,False,-0.0,15.842111194067748,1.0,7.984160988210655,,
nonnegative_nnmf,non-convex,-0.1267937567559999,,False,0.0,0.0,0.0,2,1.4394558323404247,DebiasConvex,0,20,20,1.0,0.05,-0.2,0.0732062432440001,sparse,intermittent,nnmf,False,-0.0,39.23601063431374,1.0,8.260918933580085,,
final_clip,non-convex,-0.12429868644009998,,False,0.0,0.0,0.0,11,1.4427873203025698,DebiasConvex,0,20,20,1.0,0.05,-0.2,0.07570131355990004,sparse,intermittent,,,,,,,-0.11177334150915832,-0.012525344930941651
raw,non-convex,0.0940110798523469,0.08738909266656657,True,-1.4754893555645996,0.2225,29.06927075725999,2,1.4588837364025766,DebiasConvex,1,20,20,1.0,0.05,-0.2,0.2940110798523469,sparse,intermittent,,,,,,,,
nonnegative_svd,non-convex,0.0034652101120249902,,False,0.0,0.0,0.0,12,1.2907755352409864,DebiasConvex,1,20,20,1.0,0.05,-0.2,0.203465210112025,sparse,intermittent,svd,False,-0.0,840981813178.2338,1.0,10.363527347749995,,
nonnegative_nnmf,non-convex,-0.1271532120891287,,False,0.0,0.0,0.0,2,1.3649976237008485,DebiasConvex,1,20,20,1.0,0.05,-0.2,0.07284678791087132,sparse,intermittent,nnmf,False,-0.0,43.572665387179235,1.0,11.599266334776635,,
final_clip,non-convex,0.031571665175292994,,False,0.0,0.0,0.0,13,1.2889044994221428,DebiasConvex,1,20,20,1.0,0.05,-0.2,0.231571665175293,sparse,intermittent,,,,,,,0.0940110798523469,-0.062439414677053905
raw,non-convex,-0.11824795920503958,0.13992017433139647,True,0.8091124183253239,0.0,0.0,2,1.03513071026644,DebiasConvex,0,20,20,1.0,0.05,-0.2,0.08175204079496043,row,dense,,,,,,,,
nonnegative_svd,non-convex,-0.1182479571121637,,False,0.8091124158435604,0.0,0.0,2,1.035130710274288,DebiasConvex,0,20,20,1.0,0.05,-0.2,0.08175204288783632,row,dense,svd,False,-0.0,23.65931865395782,1.0,13.795372226252498,,
nonnegative_nnmf,non-convex,-0.11878618037346156,,False,0.809760190059632,0.0,0.0,2,1.0351162432841983,DebiasConvex,0,20,20,1.0,0.05,-0.2,0.08121381962653845,row,dense,nnmf,False,-0.0,23.65713477573029,1.0,13.795380723334839,,
final_clip,non-convex,-0.1182479592050396,,False,0.8091124183253239,0.0,0.0,2,1.03513071026644,DebiasConvex,0,20,20,1.0,0.05,-0.2,0.08175204079496041,row,dense,,,,,,,-0.11824795920503958,-1.3877787807814457e-17
raw,non-convex,-0.17188737922898056,0.14035570429071992,True,1.5021546907310623,0.0,0.0,2,1.02618585037868,DebiasConvex,1,20,20,1.0,0.05,-0.2,0.028112620771019448,row,dense,,,,,,,,
nonnegative_svd,non-convex,-0.171887327946514,,False,1.5021546683043927,0.0,0.0,2,1.0261858504863566,DebiasConvex,1,20,20,1.0,0.05,-0.2,0.028112672053486,row,dense,svd,False,-0.0,23.959765046672455,1.0,13.381988586646624,,
nonnegative_nnmf,non-convex,-0.17240623303873726,,False,1.5100000091119927,0.0,0.0,2,1.0261744728279052,DebiasConvex,1,20,20,1.0,0.05,-0.2,0.027593766961262756,row,dense,nnmf,False,-0.0,23.95600009899742,1.0,13.382000997594144,,
final_clip,non-convex,-0.17188737922898056,,False,1.5021546907310623,0.0,0.0,2,1.02618585037868,DebiasConvex,1,20,20,1.0,0.05,-0.2,0.028112620771019448,row,dense,,,,,,,-0.17188737922898056,0.0
raw,non-convex,-0.23032590318705232,0.07836623602709644,True,-0.41883316619486227,0.0475,2.6700672897052566,2,1.595710417681464,DebiasConvex,0,20,20,1.0,0.05,-0.2,-0.030325903187052305,row,intermittent,,,,,,,,
nonnegative_svd,non-convex,-0.2528392995354027,,False,0.0,0.0,0.0,8,1.545170257638903,DebiasConvex,0,20,20,1.0,0.05,-0.2,-0.05283929953540267,row,intermittent,svd,False,-0.0,11.783773056217955,1.0,10.613943148124115,,
nonnegative_nnmf,non-convex,-0.24839029758960446,,False,0.0,0.0,0.0,2,1.5377322420199728,DebiasConvex,0,20,20,1.0,0.05,-0.2,-0.04839029758960445,row,intermittent,nnmf,False,-0.0,31.038682119124985,1.0,10.685786665232671,,
final_clip,non-convex,-0.2381644122720316,,False,0.0,0.0,0.0,8,1.5484243161056868,DebiasConvex,0,20,20,1.0,0.05,-0.2,-0.0381644122720316,row,intermittent,,,,,,,-0.23032590318705232,-0.007838509084979295
raw,non-convex,-0.003541677108980643,0.09392504598184528,True,-0.9809135072680737,0.1975,18.094063262380345,2,1.6769947280640318,DebiasConvex,1,20,20,1.0,0.05,-0.2,0.19645832289101936,row,intermittent,,,,,,,,
nonnegative_svd,non-convex,-0.17899277669093588,,False,0.0,0.0,0.0,11,1.5199259279898525,DebiasConvex,1,20,20,1.0,0.05,-0.2,0.021007223309064127,row,intermittent,svd,False,-0.0,6.762307708196693,1.0,11.752431706492722,,
nonnegative_nnmf,non-convex,-0.22830847437617516,,False,0.0,0.0,0.0,2,1.5241962111476042,DebiasConvex,1,20,20,1.0,0.05,-0.2,-0.028308474376175147,row,intermittent,nnmf,False,-0.0,32.14274098856354,1.0,12.248240817280564,,
final_clip,non-convex,-0.08911564451267898,,False,0.0,0.0,0.0,15,1.5203783497028192,DebiasConvex,1,20,20,1.0,0.05,-0.2,0.11088435548732103,row,intermittent,,,,,,,-0.003541677108980643,-0.08557396740369834
raw,non-convex,-0.16192356317744835,0.11378521627898064,True,1.5949108927389626,0.0,0.0,2,1.034768165122324,DebiasConvex,0,20,20,1.0,0.05,-0.2,0.03807643682255166,staggered,dense,,,,,,,,
nonnegative_svd,non-convex,-0.1619235335572224,,False,1.594910896883221,0.0,0.0,2,1.034768165243108,DebiasConvex,0,20,20,1.0,0.05,-0.2,0.03807646644277762,staggered,dense,svd,False,-0.0,25.72519067705844,1.0,12.016165243760069,,
nonnegative_nnmf,non-convex,-0.16231552879394076,,False,1.600759344055332,0.0,0.0,2,1.034754226194653,DebiasConvex,0,20,20,1.0,0.05,-0.2,0.03768447120605925,staggered,dense,nnmf,False,-0.0,25.723981862744754,1.0,12.016174273129934,,
final_clip,non-convex,-0.16192356317744833,,False,1.5949108927389626,0.0,0.0,2,1.034768165122324,DebiasConvex,0,20,20,1.0,0.05,-0.2,0.038076436822551685,staggered,dense,,,,,,,-0.16192356317744835,2.7755575615628914e-17
raw,non-convex,-0.10654796552068722,0.10533003518298455,True,0.8936154537855543,0.0,0.0,2,1.0600321085945623,DebiasConvex,1,20,20,1.0,0.05,-0.2,0.09345203447931279,staggered,dense,,,,,,,,
nonnegative_svd,non-convex,-0.10654793210105688,,False,0.893615444583419,0.0,0.0,2,1.0600321089015343,DebiasConvex,1,20,20,1.0,0.05,-0.2,0.09345206789894313,staggered,dense,svd,False,-0.0,26.80544480604842,1.0,10.887162041998648,,
nonnegative_nnmf,non-convex,-0.10661520094252422,,False,0.8942169564451786,0.0,0.0,2,1.06002162417667,DebiasConvex,1,20,20,1.0,0.05,-0.2,0.09338479905747579,staggered,dense,nnmf,False,-0.0,26.805669665421096,1.0,10.887166513086516,,
final_clip,non-convex,-0.10654796552068724,,False,0.8936154537855543,0.0,0.0,2,1.0600321085945623,DebiasConvex,1,20,20,1.0,0.05,-0.2,0.09345203447931277,staggered,dense,,,,,,,-0.10654796552068722,-1.3877787807814457e-17
raw,non-convex,-0.22112916730984028,0.08256882319807972,True,-0.5153336795823572,0.1375,10.27231756861459,2,1.4696685053828287,DebiasConvex,0,20,20,1.0,0.05,-0.2,-0.02112916730984027,staggered,intermittent,,,,,,,,
nonnegative_svd,non-convex,-0.24873450070500097,,False,0.0,0.0,0.0,10,1.3714059866119106,DebiasConvex,0,20,20,1.0,0.05,-0.2,-0.04873450070500096,staggered,intermittent,svd,False,-0.0,10.168462364885514,1.0,8.884040670922603,,
nonnegative_nnmf,non-convex,-0.25751476428445497,,False,0.0,0.0,0.0,2,1.3758102616404455,DebiasConvex,0,20,20,1.0,0.05,-0.2,-0.057514764284454956,staggered,intermittent,nnmf,False,-0.0,31.93475551615375,1.0,9.171353509753528,,
final_clip,non-convex,-0.2296469421720552,,False,0.0,0.0,0.0,11,1.3740248293276667,DebiasConvex,0,20,20,1.0,0.05,-0.2,-0.029646942172055185,staggered,intermittent,,,,,,,-0.22112916730984028,-0.008517774862214916
raw,non-convex,0.040975824026842834,0.08224734827946358,True,-0.7818523035611936,0.1925,14.585868840449418,2,1.581320500063284,DebiasConvex,1,20,20,1.0,0.05,-0.2,0.24097582402684284,staggered,intermittent,,,,,,,,
nonnegative_svd,non-convex,-0.017132672782337537,,False,0.0,0.0,0.0,14,1.4734933677967026,DebiasConvex,1,20,20,1.0,0.05,-0.2,0.18286732721766247,staggered,intermittent,svd,False,-0.0,4114459685540.208,1.0,11.119402370571315,,
nonnegative_nnmf,non-convex,-0.0850943506724562,,False,0.0,0.0,0.0,2,1.4637908736134566,DebiasConvex,1,20,20,1.0,0.05,-0.2,0.11490564932754381,staggered,intermittent,nnmf,False,-0.0,52.83241533459956,1.0,11.548135890106149,,
final_clip,non-convex,0.009266517863495468,,False,0.0,0.0,0.0,13,1.4780354032599856,DebiasConvex,1,20,20,1.0,0.05,-0.2,0.20926651786349548,staggered,intermittent,,,,,,,0.040975824026842834,-0.03170930616334737
raw,non-convex,0.15765252439820612,0.1160056888365185,True,1.1248351548203477,0.0,0.0,2,1.0285042577230399,DebiasConvex,0,20,20,1.0,0.05,0.2,-0.04234747560179389,block,dense,,,,,,,,
nonnegative_svd,non-convex,0.15765256698787186,,False,1.124835110026725,0.0,0.0,2,1.028504257846405,DebiasConvex,0,20,20,1.0,0.05,0.2,-0.04234743301212815,block,dense,svd,False,-0.0,24.727395728384735,1.0,11.585258552175471,,
nonnegative_nnmf,non-convex,0.1571382836509233,,False,1.1326780529837681,0.0,0.0,2,1.0284927079592263,DebiasConvex,0,20,20,1.0,0.05,0.2,-0.042861716349076706,block,dense,nnmf,False,-0.0,24.72445102399573,1.0,11.585268699542569,,
final_clip,non-convex,0.15765252439820612,,False,1.1248351548203477,0.0,0.0,2,1.0285042577230399,DebiasConvex,0,20,20,1.0,0.05,0.2,-0.04234747560179389,block,dense,,,,,,,0.15765252439820612,0.0
raw,non-convex,0.19096592823298955,0.13480874717417674,True,2.0416957049443436,0.0,0.0,2,1.0389660755543537,DebiasConvex,1,20,20,1.0,0.05,0.2,-0.00903407176701046,block,dense,,,,,,,,
nonnegative_svd,non-convex,0.19096600510810458,,False,2.0416956157851542,0.0,0.0,2,1.0389660759361279,DebiasConvex,1,20,20,1.0,0.05,0.2,-0.009033994891895436,block,dense,svd,False,-0.0,23.413506562496167,1.0,14.228063139389564,,
nonnegative_nnmf,non-convex,0.1905632442152441,,False,2.0451227166421844,0.0,0.0,2,1.0389524318699275,DebiasConvex,1,20,20,1.0,0.05,0.2,-0.009436755784755918,block,dense,nnmf,False,-0.0,23.413236505864454,1.0,14.22807095069842,,
final_clip,non-convex,0.19096592823298955,,False,2.0416957049443436,0.0,0.0,2,1.0389660755543537,DebiasConvex,1,20,20,1.0,0.05,0.2,-0.00903407176701046,block,dense,,,,,,,0.19096592823298955,0.0
raw,non-convex,0.3020436397676323,0.0585890552262934,True,-0.5331706957013029,0.13,8.635835285495956,2,1.5997617695968964,DebiasConvex,0,20,20,1.0,0.05,0.2,0.10204363976763231,block,intermittent,,,,,,,,
nonnegative_svd,non-convex,0.25495104112422196,,False,0.0,0.0,0.0,8,1.5001315386522451,DebiasConvex,0,20,20,1.0,0.05,0.2,0.054951041124221944,block,intermittent,svd,False,-0.0,20.163133763713383,1.0,6.902520358147931,,
nonnegative_nnmf,non-convex,0.22709062890754672,,False,0.0,0.0,0.0,2,1.498397294022955,DebiasConvex,0,20,20,1.0,0.05,0.2,0.02709062890754671,block,intermittent,nnmf,False,-0.0,44.9726380209541,1.0,7.221483263997614,,
final_clip,non-convex,0.27690104326889114,,False,0.0,0.0,0.0,10,1.5031234295901685,DebiasConvex,0,20,20,1.0,0.05,0.2,0.07690104326889113,block,intermittent,,,,,,,0.3020436397676323,-0.025142596498741177
raw,non-convex,0.25361453136493595,0.075550594486494,True,-0.2577582122726986,0.1175,3.7944208527788215,2,1.7318654374145113,DebiasConvex,1,20,20,1.0,0.05,0.2,0.053614531364935936,block,intermittent,,,,,,,,
nonnegative_svd,non-convex,0.22320696998656955,,False,0.0,0.0,0.0,11,1.6821209190080857,DebiasConvex,1,20,20,1.0,0.05,0.2,0.023206969986569542,block,intermittent,svd,False,-0.0,7.766925492559782,1.0,9.363226930437968,,
nonnegative_nnmf,non-convex,0.20563855223047703,,False,0.0,0.0,0.0,2,1.660996150054786,DebiasConvex,1,20,20,1.0,0.05,0.2,0.0056385522304770175,block,intermittent,nnmf,False,-0.0,29.04320752086679,1.0,9.409915287096208,,
final_clip,non-convex,0.24230630466326017,,False,0.0,0.0,0.0,11,1.6898197053347157,DebiasConvex,1,20,20,1.0,0.05,0.2,0.04230630466326016,block,intermittent,,,,,,,0.25361453136493595,-0.011308226701675778
raw,non-convex,-0.048237616266489876,0.13189602948438192,True,2.0150268749924014,0.0,0.0,2,1.0405482505853412,DebiasConvex,0,20,20,1.0,0.05,0.2,-0.24823761626648988,sparse,dense,,,,,,,,
nonnegative_svd,non-convex,-0.04823761671051399,,False,2.0150268759958916,0.0,0.0,2,1.0405482505824164,DebiasConvex,0,20,20,1.0,0.05,0.2,-0.248237616710514,sparse,dense,svd,False,-0.0,45.3621015655054,1.0,19.37970686973512,,
nonnegative_nnmf,non-convex,-0.048048493334683896,,False,2.01720659400818,0.0,0.0,2,1.0405401241158059,DebiasConvex,0,20,20,1.0,0.05,0.2,-0.2480484933346839,sparse,dense,nnmf,False,-0.0,45.362949268966815,1.0,19.379710726953867,,
final_clip,non-convex,-0.0482376162664899,,False,2.0150268749924014,0.0,0.0,2,1.0405482505853412,DebiasConvex,0,20,20,1.0,0.05,0.2,-0.2482376162664899,sparse,dense,,,,,,,-0.048237616266489876,-2.0816681711721685e-17
raw,non-convex,0.4957192627898521,0.12203662194674253,True,3.421243311081829,0.0,0.0,2,1.0100607975251565,DebiasConvex,1,20,20,1.0,0.05,0.2,0.2957192627898521,sparse,dense,,,,,,,,
nonnegative_svd,non-convex,0.4957192597671,,False,3.421243321218636,0.0,0.0,2,1.010060797521475,DebiasConvex,1,20,20,1.0,0.05,0.2,0.2957192597671,sparse,dense,svd,False,-0.0,48.41615459148257,1.0,17.84555478974803,,
nonnegative_nnmf,non-convex,0.49502051156703436,,False,3.4364502770118963,0.0,0.0,2,1.010062928306786,DebiasConvex,1,20,20,1.0,0.05,0.2,0.29502051156703435,sparse,dense,nnmf,False,-0.0,48.40864521474097,1.0,17.845617378026386,,
final_clip,non-convex,0.4957192627898522,,False,3.421243311081829,0.0,0.0,2,1.0100607975251565,DebiasConvex,1,20,20,1.0,0.05,0.2,0.29571926278985217,sparse,dense,,,,,,,0.4957192627898521,5.551115123125783e-17
raw,non-convex,0.32230428971384606,0.05017088756116628,True,-1.0959367503957058,0.2325,15.466646726039595,2,1.3998946478501608,DebiasConvex,0,20,20,1.0,0.05,0.2,0.12230428971384605,sparse,intermittent,,,,,,,,
nonnegative_svd,non-convex,0.2632590396461361,,False,0.0,0.0,0.0,12,1.3025054794310296,DebiasConvex,0,20,20,1.0,0.05,0.2,0.0632590396461361,sparse,intermittent,svd,False,-0.0,8.977756749334372,1.0,6.750936026976584,,
nonnegative_nnmf,non-convex,0.24548250151190223,,False,0.0,0.0,0.0,2,1.3011196630243755,DebiasConvex,0,20,20,1.0,0.05,0.2,0.045482501511902224,sparse,intermittent,nnmf,False,-0.0,40.981477287771106,1.0,7.508319097001668,,
final_clip,non-convex,0.2763679881704571,,False,0.0,0.0,0.0,12,1.3062473834118025,DebiasConvex,0,20,20,1.0,0.05,0.2,0.07636798817045709,sparse,intermittent,,,,,,,0.32230428971384606,-0.04593630154338896
raw,non-convex,0.24079100306763637,0.06221575844229529,True,-0.8113290534050303,0.1825,18.783656891439584,2,1.565711485596175,DebiasConvex,1,20,20,1.0,0.05,0.2,0.04079100306763636,sparse,intermittent,,,,,,,,
nonnegative_svd,non-convex,0.20460191495226152,,False,0.0,0.0,0.0,11,1.3886750603660172,DebiasConvex,1,20,20,1.0,0.05,0.2,0.004601914952261504,sparse,intermittent,svd,False,-0.0,1982686561002.3223,1.0,7.5997603986653814,,
nonnegative_nnmf,non-convex,0.18169999269855402,,False,0.0,0.0,0.0,2,1.3950324943760588,DebiasConvex,1,20,20,1.0,0.05,0.2,-0.018300007301445986,sparse,intermittent,nnmf,False,-0.0,45.99852967332205,1.0,8.502039852597113,,
final_clip,non-convex,0.21550690037885534,,False,0.0,0.0,0.0,11,1.389413168131811,DebiasConvex,1,20,20,1.0,0.05,0.2,0.015506900378855326,sparse,intermittent,,,,,,,0.24079100306763637,-0.025284102688781035
raw,non-convex,0.36941686295694487,0.19316574961451707,True,1.019615563875788,0.0,0.0,2,1.0349946302733386,DebiasConvex,0,20,20,1.0,0.05,0.2,0.16941686295694486,row,dense,,,,,,,,
nonnegative_svd,non-convex,0.3694169449473476,,False,1.019615528033659,0.0,0.0,2,1.0349946304803992,DebiasConvex,0,20,20,1.0,0.05,0.2,0.1694169449473476,row,dense,svd,False,-0.0,24.89746424291571,1.0,18.617596354674138,,
nonnegative_nnmf,non-convex,0.3691879490601609,,False,1.0298157852322456,0.0,0.0,2,1.03497772363912,DebiasConvex,0,20,20,1.0,0.05,0.2,0.16918794906016088,row,dense,nnmf,False,-0.0,24.89568157864216,1.0,18.617608371215507,,
final_clip,non-convex,0.36941686295694487,,False,1.019615563875788,0.0,0.0,2,1.0349946302733386,DebiasConvex,0,20,20,1.0,0.05,0.2,0.16941686295694486,row,dense,,,,,,,0.36941686295694487,0.0
raw,non-convex,18.79025188694334,139.64385267438573,True,-12.539340649593873,0.25,1132.5993985064597,2,1.4849987589125353,DebiasConvex,1,20,20,1.0,0.05,0.2,18.590251886943342,row,dense,,,,,,,,
nonnegative_svd,non-convex,6.483819170901577,,False,0.0,0.0,0.0,3,1.0976059280603165,DebiasConvex,1,20,20,1.0,0.05,0.2,6.283819170901577,row,dense,svd,False,-0.0,0.002540861072463907,1.0,25.070818618470224,,
nonnegative_nnmf,non-convex,0.2529253353182307,,False,1.0538289152799756,0.0,0.0,2,1.0224235337723182,DebiasConvex,1,20,20,1.0,0.05,0.2,0.05292533531823068,row,dense,nnmf,False,-0.0,20.92426240315067,1.0,15.501940654101437,,
final_clip,non-convex,7.464257901878741,,False,0.0,0.0,0.0,4,1.1437727141761034,DebiasConvex,1,20,20,1.0,0.05,0.2,7.264257901878741,row,dense,,,,,,,18.79025188694334,-11.3259939850646
raw,non-convex,0.16202970895523858,0.08837382964593693,True,-0.4847670564156161,0.0725,4.4092473445188425,2,1.452418787186277,DebiasConvex,0,20,20,1.0,0.05,0.2,-0.037970291044761434,row,intermittent,,,,,,,,
nonnegative_svd,non-convex,0.15472181030667453,,False,0.0,0.0,0.0,8,1.4162732560521725,DebiasConvex,0,20,20,1.0,0.05,0.2,-0.04527818969332548,row,intermittent,svd,False,-0.0,10.469659263526363,1.0,10.208169711543553,,
nonnegative_nnmf,non-convex,0.15180298544779022,,False,0.0,0.0,0.0,2,1.4089871107691376,DebiasConvex,0,20,20,1.0,0.05,0.2,-0.04819701455220979,row,intermittent,nnmf,False,-0.0,27.979414481740058,1.0,10.319639517866438,,
final_clip,non-convex,0.15987298515508194,,False,0.0,0.0,0.0,7,1.4167571211075802,DebiasConvex,0,20,20,1.0,0.05,0.2,-0.04012701484491807,row,intermittent,,,,,,,0.16202970895523858,-0.0021567238001566347
raw,non-convex,0.3190475711313191,0.04921935557003201,True,-0.5343775377277425,0.2,9.487701203563756,2,1.6389009357232178,DebiasConvex,1,20,20,1.0,0.05,0.2,0.11904757113131909,row,intermittent,,,,,,,,
nonnegative_svd,non-convex,0.28485443219990275,,False,0.0,0.0,0.0,13,1.5307076556652233,DebiasConvex,1,20,20,1.0,0.05,0.2,0.08485443219990274,row,intermittent,svd,False,-0.0,391284227639.4028,1.0,7.801828436455062,,
nonnegative_nnmf,non-convex,0.25541910915289795,,False,0.0,0.0,0.0,2,1.5198435261933554,DebiasConvex,1,20,20,1.0,0.05,0.2,0.05541910915289794,row,intermittent,nnmf,False,-0.0,42.4328207050021,1.0,8.055060619092185,,
final_clip,non-convex,0.3003047966155518,,False,0.0,0.0,0.0,14,1.533770172720176,DebiasConvex,1,20,20,1.0,0.05,0.2,0.1003047966155518,row,intermittent,,,,,,,0.3190475711313191,-0.01874277451576728
raw,non-convex,0.12491415141816455,0.1142851250251523,True,1.4370439407721742,0.0,0.0,2,1.030627249113462,DebiasConvex,0,20,20,1.0,0.05,0.2,-0.07508584858183547,staggered,dense,,,,,,,,
nonnegative_svd,non-convex,0.12491410700847606,,False,1.4370439398119108,0.0,0.0,2,1.0306272489768113,DebiasConvex,0,20,20,1.0,0.05,0.2,-0.07508589299152395,staggered,dense,svd,False,-0.0,23.90489798939541,1.0,11.629023880455131,,
nonnegative_nnmf,non-convex,0.12487950536831972,,False,1.4456446534725205,0.0,0.0,2,1.0306104201747759,DebiasConvex,0,20,20,1.0,0.05,0.2,-0.07512049463168029,staggered,dense,nnmf,False,-0.0,23.906990467906915,1.0,11.629042093543177,,
final_clip,non-convex,0.12491415141816455,,False,1.4370439407721742,0.0,0.0,2,1.030627249113462,DebiasConvex,0,20,20,1.0,0.05,0.2,-0.07508584858183547,staggered,dense,,,,,,,0.12491415141816455,0.0
raw,non-convex,0.1791995689720505,0.09822182913784852,True,1.639975679296012,0.0,0.0,2,1.0269275177570683,DebiasConvex,1,20,20,1.0,0.05,0.2,-0.020800431027949512,staggered,dense,,,,,,,,
nonnegative_svd,non-convex,0.17919957278082252,,False,1.6399756786400468,0.0,0.0,2,1.0269275177705985,DebiasConvex,1,20,20,1.0,0.05,0.2,-0.020800427219177492,staggered,dense,svd,False,-0.0,24.65784040046743,1.0,10.666429365614052,,
nonnegative_nnmf,non-convex,0.1787862030133173,,False,1.638890981742851,0.0,0.0,2,1.0269159603266695,DebiasConvex,1,20,20,1.0,0.05,0.2,-0.021213796986682715,staggered,dense,nnmf,False,-0.0,24.65830837480807,1.0,10.666449580556495,,
final_clip,non-convex,0.17919956897205053,,False,1.639975679296012,0.0,0.0,2,1.0269275177570683,DebiasConvex,1,20,20,1.0,0.05,0.2,-0.020800431027949484,staggered,dense,,,,,,,0.1791995689720505,2.7755575615628914e-17
raw,non-convex,0.4713143257884593,0.08065531649559939,True,-1.4843936226498695,0.22,22.866324192953073,2,1.4624734942196835,DebiasConvex,0,20,20,1.0,0.05,0.2,0.27131432578845927,staggered,intermittent,,,,,,,,
nonnegative_svd,non-convex,0.2518886704953677,,False,0.0,0.0,0.0,12,1.3726261122777887,DebiasConvex,0,20,20,1.0,0.05,0.2,0.05188867049536766,staggered,intermittent,svd,False,-0.0,24275183750662.06,1.0,10.577411586726003,,
nonnegative_nnmf,non-convex,0.21312499504331098,,False,0.0,0.0,0.0,2,1.3720016229665426,DebiasConvex,0,20,20,1.0,0.05,0.2,0.013124995043310966,staggered,intermittent,nnmf,False,-0.0,34.7935913610015,1.0,11.216020437374759,,
final_clip,non-convex,0.37624645137538565,,False,0.0,0.0,0.0,14,1.3706300888351415,DebiasConvex,0,20,20,1.0,0.05,0.2,0.17624645137538564,staggered,intermittent,,,,,,,0.4713143257884593,-0.09506787441307363
raw,non-convex,0.3005875305823532,0.04668584425170505,True,-0.7085688125819851,0.27,17.83251354711225,2,1.4741036988865368,DebiasConvex,1,20,20,1.0,0.05,0.2,0.1005875305823532,staggered,intermittent,,,,,,,,
nonnegative_svd,non-convex,0.19063625115482538,,False,0.0,0.0,0.0,11,1.3194670931438939,DebiasConvex,1,20,20,1.0,0.05,0.2,-0.00936374884517463,staggered,intermittent,svd,False,-0.0,6.731153883225796,1.0,6.775537075842626,,
nonnegative_nnmf,non-convex,0.18850581169782696,,False,0.0,0.0,0.0,2,1.3551207150396605,DebiasConvex,1,20,20,1.0,0.05,0.2,-0.011494188302173053,staggered,intermittent,nnmf,False,-0.0,36.79572842300985,1.0,7.290658102185806,,
final_clip,non-convex,0.2545891848479131,,False,0.0,0.0,0.0,12,1.3218185064228052,DebiasConvex,1,20,20,1.0,0.05,0.2,0.054589184847913086,staggered,intermittent,,,,,,,0.3005875305823532,-0.045998345734440116
raw,non-convex,-0.14444157063194063,0.15470704372873853,True,2.4460711644426705,0.0,0.0,2,1.0299711619191272,DebiasConvex,0,20,20,1.0,0.2,-0.2,0.05555842936805938,block,dense,,,,,,,,
nonnegative_svd,non-convex,-0.1444415708569722,,False,2.4460711647096236,0.0,0.0,2,1.0299711619183218,DebiasConvex,0,20,20,1.0,0.2,-0.2,0.055558429143027804,block,dense,svd,False,-0.0,21.619940129877477,1.0,13.40237663112544,,
nonnegative_nnmf,non-convex,-0.1450791034389349,,False,2.4481731747792366,0.0,0.0,2,1.0299566868998924,DebiasConvex,0,20,20,1.0,0.2,-0.2,0.05492089656106511,block,dense,nnmf,False,-0.0,21.614495925416634,1.0,13.402394235532684,,
final_clip,non-convex,-0.14444157063194063,,False,2.4460711644426705,0.0,0.0,2,1.0299711619191272,DebiasConvex,0,20,20,1.0,0.2,-0.2,0.05555842936805938,block,dense,,,,,,,-0.14444157063194063,0.0
raw,non-convex,-0.3482921110871307,0.15984472255100743,True,1.1542345407344232,0.0,0.0,2,1.033668672624885,DebiasConvex,1,20,20,1.0,0.2,-0.2,-0.1482921110871307,block,dense,,,,,,,,
nonnegative_svd,non-convex,-0.34829204264589486,,False,1.154234509004071,0.0,0.0,2,1.0336686728791982,DebiasConvex,1,20,20,1.0,0.2,-0.2,-0.14829204264589485,block,dense,svd,False,-0.0,23.41228366899373,1.0,14.780000769682074,,
nonnegative_nnmf,non-convex,-0.34852184570710615,,False,1.1559613471561117,0.0,0.0,2,1.033661915176786,DebiasConvex,1,20,20,1.0,0.2,-0.2,-0.14852184570710614,block,dense,nnmf,False,-0.0,23.410225627314,1.0,14.780002166621244,,
final_clip,non-convex,-0.3482921110871306,,False,1.1542345407344232,0.0,0.0,2,1.033668672624885,DebiasConvex,1,20,20,1.0,0.2,-0.2,-0.14829211108713058,block,dense,,,,,,,-0.3482921110871307,1.1102230246251565e-16
raw,non-convex,-0.34435221758023477,0.12656751194779078,True,-1.147668112232855,0.1125,10.53427697732145,2,1.6150001073124167,DebiasConvex,0,20,20,1.0,0.2,-0.2,-0.14435221758023475,block,intermittent,,,,,,,,
nonnegative_svd,non-convex,-0.35499878094179,,False,0.0,0.0,0.0,12,1.4406469064147567,DebiasConvex,0,20,20,1.0,0.2,-0.2,-0.15499878094178998,block,intermittent,svd,False,-0.0,226430507971.2139,1.0,11.61046599295762,,
nonnegative_nnmf,non-convex,-0.33514050691117886,,False,0.0,0.0,0.0,2,1.4515887716410627,DebiasConvex,0,20,20,1.0,0.2,-0.2,-0.13514050691117885,block,intermittent,nnmf,False,-0.0,25.215810348370695,1.0,12.20084327248844,,
final_clip,non-convex,-0.3470802821672913,,False,0.0,0.0,0.0,12,1.4419327775506727,DebiasConvex,0,20,20,1.0,0.2,-0.2,-0.1470802821672913,block,intermittent,,,,,,,-0.34435221758023477,-0.0027280645870565445
raw,non-convex,-0.19462276722629177,0.06744643074353636,True,-0.850546377232937,0.2225,19.60348511548157,2,1.4721336379859258,DebiasConvex,1,20,20,1.0,0.2,-0.2,0.005377232773708246,block,intermittent,,,,,,,,
nonnegative_svd,non-convex,-0.330497032838346,,False,0.0,0.0,0.0,11,1.3665311974206666,DebiasConvex,1,20,20,1.0,0.2,-0.2,-0.13049703283834602,block,intermittent,svd,False,-0.0,6.655388783674217,1.0,11.167285374030884,,
nonnegative_nnmf,non-convex,-0.32404027859965284,,False,0.0,0.0,0.0,2,1.362096395373335,DebiasConvex,1,20,20,1.0,0.2,-0.2,-0.12404027859965283,block,intermittent,nnmf,False,-0.0,22.95484321210775,1.0,11.72106243452832,,
final_clip,non-convex,-0.23885275006188728,,False,0.0,0.0,0.0,12,1.3753714811180455,DebiasConvex,1,20,20,1.0,0.2,-0.2,-0.038852750061887265,block,intermittent,,,,,,,-0.19462276722629177,-0.04422998283559551
raw,non-convex,-0.16124499455603145,0.14431506507228198,True,2.2174120567260713,0.0,0.0,2,1.0136352176579422,DebiasConvex,0,20,20,1.0,0.2,-0.2,0.038755005443968565,sparse,dense,,,,,,,,
nonnegative_svd,non-convex,-0.16124499455603145,,False,2.2174120567260713,0.0,0.0,2,1.0136352176579422,DebiasConvex,0,20,20,1.0,0.2,-0.2,0.038755005443968565,sparse,dense,svd,False,-0.0,30.511009919959875,1.0,16.720077088124384,,
nonnegative_nnmf,non-convex,-0.161694569768852,,False,2.239521757949997,0.0,0.0,2,1.0136275821425171,DebiasConvex,0,20,20,1.0,0.2,-0.2,0.03830543023114802,sparse,dense,nnmf,False,-0.0,30.525467562751174,1.0,16.720130373564018,,
final_clip,non-convex,-0.16124499455603145,,False,2.2174120567260713,0.0,0.0,2,1.0136352176579422,DebiasConvex,0,20,20,1.0,0.2,-0.2,0.038755005443968565,sparse,dense,,,,,,,-0.16124499455603145,0.0
raw,non-convex,-0.19609025243181677,0.1305174960917601,True,0.7951642803870205,0.0,0.0,2,1.0208168362619257,DebiasConvex,1,20,20,1.0,0.2,-0.2,0.003909747568183242,sparse,dense,,,,,,,,
nonnegative_svd,non-convex,-0.19609019383433007,,False,0.7951641207751705,0.0,0.0,2,1.0208168367035784,DebiasConvex,1,20,20,1.0,0.2,-0.2,0.003909806165669938,sparse,dense,svd,False,-0.0,37.63358189250357,1.0,15.784060521093329,,
nonnegative_nnmf,non-convex,-0.19653406992560338,,False,0.7962588828059408,0.0,0.0,2,1.0208097788291137,DebiasConvex,1,20,20,1.0,0.2,-0.2,0.0034659300743966337,sparse,dense,nnmf,False,-0.0,37.632916044183304,1.0,15.784092794891478,,
final_clip,non-convex,-0.19609025243181677,,False,0.7951642803870205,0.0,0.0,2,1.0208168362619257,DebiasConvex,1,20,20,1.0,0.2,-0.2,0.003909747568183242,sparse,dense,,,,,,,-0.19609025243181677,0.0
raw,non-convex,-0.20148348347227765,0.06715858263153535,True,-0.4017620539364734,0.11,4.686062337202187,2,1.4680801046523253,DebiasConvex,0,20,20,1.0,0.2,-0.2,-0.0014834834722776413,sparse,intermittent,,,,,,,,
nonnegative_svd,non-convex,-0.21977386834445367,,False,0.0,0.0,0.0,9,1.436880900960194,DebiasConvex,0,20,20,1.0,0.2,-0.2,-0.01977386834445366,sparse,intermittent,svd,False,-0.0,16.646978796161527,1.0,8.795172139900673,,
nonnegative_nnmf,non-convex,-0.2573485335801304,,False,0.0,0.0,0.0,2,1.4173426873113404,DebiasConvex,0,20,20,1.0,0.2,-0.2,-0.05734853358013037,sparse,intermittent,nnmf,False,-0.0,44.4059802119718,1.0,8.897719775037462,,
final_clip,non-convex,-0.21437269821451507,,False,0.0,0.0,0.0,9,1.4372998721342953,DebiasConvex,0,20,20,1.0,0.2,-0.2,-0.014372698214515062,sparse,intermittent,,,,,,,-0.20148348347227765,-0.01288921474223742
raw,non-convex,-0.10269770136548913,0.08296200364058208,True,-0.6060906068284674,0.1825,15.210669810631806,2,1.468578355594406,DebiasConvex,1,20,20,1.0,0.2,-0.2,0.09730229863451088,sparse,intermittent,,,,,,,,
nonnegative_svd,non-convex,-0.148501335309502,,False,0.0,0.0,0.0,11,1.4052091873030481,DebiasConvex,1,20,20,1.0,0.2,-0.2,0.05149866469049802,sparse,intermittent,svd,False,-0.0,9.932204917106949,1.0,10.29417158940903,,
nonnegative_nnmf,non-convex,-0.17743750943860034,,False,0.0,0.0,0.0,2,1.3896053736224157,DebiasConvex,1,20,20,1.0,0.2,-0.2,0.022562490561399667,sparse,intermittent,nnmf,False,-0.0,37.883016734518215,1.0,10.770603661098454,,
final_clip,non-convex,-0.1354699269509816,,False,0.0,0.0,0.0,11,1.4044919722605713,DebiasConvex,1,20,20,1.0,0.2,-0.2,0.06453007304901842,sparse,intermittent,,,,,,,-0.10269770136548913,-0.03277222558549246
raw,non-convex,0.058432559375326674,0.14960613892923869,True,1.5737827330014666,0.0,0.0,2,1.028134098008419,DebiasConvex,0,20,20,1.0,0.2,-0.2,0.25843255937532666,row,dense,,,,,,,,
nonnegative_svd,non-convex,0.05843252610726658,,False,1.5737827259785708,0.0,0.0,2,1.0281340979163525,DebiasConvex,0,20,20,1.0,0.2,-0.2,0.2584325261072666,row,dense,svd,False,-0.0,26.34462514198624,1.0,15.249402840046356,,
nonnegative_nnmf,non-convex,0.05816358534180225,,False,1.576376149276318,0.0,0.0,2,1.0281293662812843,DebiasConvex,0,20,20,1.0,0.2,-0.2,0.2581635853418023,row,dense,nnmf,False,-0.0,26.34388511960245,1.0,15.24940597293729,,
final_clip,non-convex,0.058432559375326674,,False,1.5737827330014666,0.0,0.0,2,1.028134098008419,DebiasConvex,0,20,20,1.0,0.2,-0.2,0.25843255937532666,row,dense,,,,,,,0.058432559375326674,0.0
raw,non-convex,-0.09905636675525806,0.20456498479483387,True,0.4695836282495733,0.0,0.0,2,1.0277642563740763,DebiasConvex,1,20,20,1.0,0.2,-0.2,0.10094363324474195,row,dense,,,,,,,,
nonnegative_svd,non-convex,-0.09905634989688401,,False,0.469583628860903,0.0,0.0,2,1.027764256437619,DebiasConvex,1,20,20,1.0,0.2,-0.2,0.100943650103116,row,dense,svd,False,-0.0,17.908188111025225,1.0,17.27677915941675,,
nonnegative_nnmf,non-convex,-0.0991445043173075,,False,0.4772864485165334,0.0,0.0,2,1.027754148787267,DebiasConvex,1,20,20,1.0,0.2,-0.2,0.10085549568269252,row,dense,nnmf,False,-0.0,17.907882675176715,1.0,17.276785828029286,,
final_clip,non-convex,-0.09905636675525806,,False,0.4695836282495733,0.0,0.0,2,1.0277642563740763,DebiasConvex,1,20,20,1.0,0.2,-0.2,0.10094363324474195,row,dense,,,,,,,-0.09905636675525806,0.0
raw,non-convex,-0.08705808503398148,0.0701998329886105,True,-0.28744639729828814,0.115,4.899580777327972,2,1.275066972257546,DebiasConvex,0,20,20,1.0,0.2,-0.2,0.11294191496601853,row,intermittent,,,,,,,,
nonnegative_svd,non-convex,-0.10573800406778591,,False,0.0,0.0,0.0,11,1.2666582715712116,DebiasConvex,0,20,20,1.0,0.2,-0.2,0.0942619959322141,row,intermittent,svd,False,-0.0,3.8695184656967747,1.0,9.453027517746033,,
nonnegative_nnmf,non-convex,-0.16514558023667583,,False,0.0,0.0,0.0,2,1.2556695036355405,DebiasConvex,0,20,20,1.0,0.2,-0.2,0.03485441976332418,row,intermittent,nnmf,False,-0.0,33.066665647225605,1.0,9.548957348466036,,
final_clip,non-convex,-0.09435064605071267,,False,0.0,0.0,0.0,11,1.268329476959118,DebiasConvex,0,20,20,1.0,0.2,-0.2,0.10564935394928734,row,intermittent,,,,,,,-0.08705808503398148,-0.007292561016731189
raw,non-convex,-0.12850662258456047,0.10723785707786586,True,-0.5271339846309534,0.1875,16.016109128681315,2,1.5570829543939173,DebiasConvex,1,20,20,1.0,0.2,-0.2,0.07149337741543954,row,intermittent,,,,,,,,
nonnegative_svd,non-convex,-0.2208287127232177,,False,0.0,0.0,0.0,11,1.4683380275529934,DebiasConvex,1,20,20,1.0,0.2,-0.2,-0.02082871272321768,row,intermittent,svd,False,-0.0,13.46538907197781,1.0,9.685512149560607,,
nonnegative_nnmf,non-convex,-0.3148567346411066,,False,0.0,0.0,0.0,2,1.4516019911365086,DebiasConvex,1,20,20,1.0,0.2,-0.2,-0.11485673464110657,row,intermittent,nnmf,False,-0.0,23.629337670527924,1.0,10.124286220370701,,
final_clip,non-convex,-0.16393717598514063,,False,0.0,0.0,0.0,11,1.4603985079297035,DebiasConvex,1,20,20,1.0,0.2,-0.2,0.036062824014859385,row,intermittent,,,,,,,-0.12850662258456047,-0.035430553400580156
raw,non-convex,-0.24546775535382256,0.19974747656128938,True,1.461434806750989,0.0,0.0,2,1.0232680680446489,DebiasConvex,0,20,20,1.0,0.2,-0.2,-0.04546775535382255,staggered,dense,,,,,,,,
nonnegative_svd,non-convex,-0.24546778441154762,,False,1.4614348519504166,0.0,0.0,2,1.0232680679766009,DebiasConvex,0,20,20,1.0,0.2,-0.2,-0.04546778441154761,staggered,dense,svd,False,-0.0,23.89449000508324,1.0,18.945097719408224,,
nonnegative_nnmf,non-convex,-0.24687402639412714,,False,1.4849524438651052,0.0,0.0,2,1.0232561636924824,DebiasConvex,0,20,20,1.0,0.2,-0.2,-0.04687402639412713,staggered,dense,nnmf,False,-0.0,23.88939653853795,1.0,18.94513152779178,,
final_clip,non-convex,-0.24546775535382256,,False,1.461434806750989,0.0,0.0,2,1.0232680680446489,DebiasConvex,0,20,20,1.0,0.2,-0.2,-0.04546775535382255,staggered,dense,,,,,,,-0.24546775535382256,0.0
raw,non-convex,-0.09369422773800078,0.1506926032123549,True,1.6826426228914135,0.0,0.0,2,1.034404934293696,DebiasConvex,1,20,20,1.0,0.2,-0.2,0.10630577226199923,staggered,dense,,,,,,,,
nonnegative_svd,non-convex,-0.09369427961550449,,False,1.6826426098106757,0.0,0.0,2,1.0344049341321309,DebiasConvex,1,20,20,1.0,0.2,-0.2,0.10630572038449553,staggered,dense,svd,False,-0.0,26.485498950988912,1.0,14.631036581709393,,
nonnegative_nnmf,non-convex,-0.09391265753745917,,False,1.681543937157512,0.0,0.0,2,1.034396654190837,DebiasConvex,1,20,20,1.0,0.2,-0.2,0.10608734246254084,staggered,dense,nnmf,False,-0.0,26.4846666182597,1.0,14.631050869236844,,
final_clip,non-convex,-0.09369422773800078,,False,1.6826426228914135,0.0,0.0,2,1.034404934293696,DebiasConvex,1,20,20,1.0,0.2,-0.2,0.10630577226199923,staggered,dense,,,,,,,-0.09369422773800078,0.0
raw,non-convex,-0.2583320115315956,0.09518193070146948,True,-0.26671560744281064,0.105,3.744242705568677,2,1.5202909638944377,DebiasConvex,0,20,20,1.0,0.2,-0.2,-0.05833201153159556,staggered,intermittent,,,,,,,,
nonnegative_svd,non-convex,-0.2583321026771107,,False,0.0,0.0,0.0,11,1.5059317245739394,DebiasConvex,0,20,20,1.0,0.2,-0.2,-0.0583321026771107,staggered,intermittent,svd,False,-0.0,7.8192588675203245,1.0,10.36822379708017,,
nonnegative_nnmf,non-convex,-0.3002095868034255,,False,0.0,0.0,0.0,2,1.498051695975078,DebiasConvex,0,20,20,1.0,0.2,-0.2,-0.10020958680342551,staggered,intermittent,nnmf,False,-0.0,32.666576430448416,1.0,10.422064262077951,,
final_clip,non-convex,-0.25833201153159563,,False,0.0,0.0,0.0,11,1.5059317047740073,DebiasConvex,0,20,20,1.0,0.2,-0.2,-0.05833201153159562,staggered,intermittent,,,,,,,-0.2583320115315956,-5.551115123125783e-17
raw,non-convex,-0.1436851441557179,0.04751673732620769,True,-0.34754626604830485,0.15,4.504524025106916,2,1.5797629733501812,DebiasConvex,1,20,20,1.0,0.2,-0.2,0.05631485584428211,staggered,intermittent,,,,,,,,
nonnegative_svd,non-convex,-0.16861759298784443,,False,0.0,0.0,0.0,11,1.5004286753550307,DebiasConvex,1,20,20,1.0,0.2,-0.2,0.03138240701215558,staggered,intermittent,svd,False,-0.0,412312340203.3307,1.0,7.280949444637732,,
nonnegative_nnmf,non-convex,-0.2520953776251174,,False,0.0,0.0,0.0,2,1.4156814096926007,DebiasConvex,1,20,20,1.0,0.2,-0.2,-0.0520953776251174,staggered,intermittent,nnmf,False,-0.0,37.25860662895562,1.0,7.422485643444161,,
final_clip,non-convex,-0.15547646723615924,,False,0.0,0.0,0.0,12,1.5061002031459325,DebiasConvex,1,20,20,1.0,0.2,-0.2,0.04452353276384077,staggered,intermittent,,,,,,,-0.1436851441557179,-0.01179132308044134
raw,non-convex,0.11653119660782188,0.16307345595997236,True,2.80976499308449,0.0,0.0,2,1.020951833770233,DebiasConvex,0,20,20,1.0,0.2,0.2,-0.08346880339217813,block,dense,,,,,,,,
nonnegative_svd,non-convex,0.11653117894432764,,False,2.8097649966860434,0.0,0.0,2,1.020951833733265,DebiasConvex,0,20,20,1.0,0.2,0.2,-0.08346882105567237,block,dense,svd,False,-0.0,24.337578493180295,1.0,16.660066429838796,,
nonnegative_nnmf,non-convex,0.11652123295016573,,False,2.814574328208884,0.0,0.0,2,1.0209517775698662,DebiasConvex,0,20,20,1.0,0.2,0.2,-0.08347876704983428,block,dense,nnmf,False,-0.0,24.339734148691186,1.0,16.660084155828603,,
final_clip,non-convex,0.11653119660782188,,False,2.80976499308449,0.0,0.0,2,1.020951833770233,DebiasConvex,0,20,20,1.0,0.2,0.2,-0.08346880339217813,block,dense,,,,,,,0.11653119660782188,0.0
raw,non-convex,0.11003757257781599,0.12196466655522756,True,0.9942376903798523,0.0,0.0,2,1.0331836772260954,DebiasConvex,1,20,20,1.0,0.2,0.2,-0.08996242742218402,block,dense,,,,,,,,
nonnegative_svd,non-convex,0.11003753186271478,,False,0.99423768582668,0.0,0.0,2,1.0331836770715854,DebiasConvex,1,20,20,1.0,0.2,0.2,-0.08996246813728523,block,dense,svd,False,-0.0,22.825637017321952,1.0,11.881580990567695,,
nonnegative_nnmf,non-convex,0.1097097706723552,,False,1.0045346810987406,0.0,0.0,2,1.0331732913806395,DebiasConvex,1,20,20,1.0,0.2,0.2,-0.09029022932764481,block,dense,nnmf,False,-0.0,22.82568212225028,1.0,11.881593518516418,,
final_clip,non-convex,0.11003757257781599,,False,0.9942376903798523,0.0,0.0,2,1.0331836772260954,DebiasConvex,1,20,20,1.0,0.2,0.2,-0.08996242742218402,block,dense,,,,,,,0.11003757257781599,0.0
raw,non-convex,0.05026001955137042,0.07969075612713372,True,-0.4707825426587423,0.1,4.2938383164374105,2,1.4943388274132907,DebiasConvex,0,20,20,1.0,0.2,0.2,-0.1497399804486296,block,intermittent,,,,,,,,
nonnegative_svd,non-convex,0.041381629046450784,,False,0.0,0.0,0.0,11,1.4400012684855321,DebiasConvex,0,20,20,1.0,0.2,0.2,-0.15861837095354922,block,intermittent,svd,False,-0.0,5.16550872226487,1.0,8.46950669066506,,
nonnegative_nnmf,non-convex,0.01646933766220932,,False,0.0,0.0,0.0,2,1.398910331872961,DebiasConvex,0,20,20,1.0,0.2,0.2,-0.1835306623377907,block,intermittent,nnmf,False,-0.0,24.4237091261744,1.0,8.619451892013217,,
final_clip,non-convex,0.047869301369430524,,False,0.0,0.0,0.0,11,1.4426159567367909,DebiasConvex,0,20,20,1.0,0.2,0.2,-0.1521306986305695,block,intermittent,,,,,,,0.05026001955137042,-0.0023907181819398937
raw,non-convex,0.16330769362380815,0.04118147092895574,True,-0.4685140980498183,0.105,5.09996873069953,2,1.5685270961498992,DebiasConvex,1,20,20,1.0,0.2,0.2,-0.03669230637619186,block,intermittent,,,,,,,,
nonnegative_svd,non-convex,0.15469582099569498,,False,0.0,0.0,0.0,10,1.5304519669431638,DebiasConvex,1,20,20,1.0,0.2,0.2,-0.04530417900430503,block,intermittent,svd,False,-0.0,8.134591638244897,1.0,6.487773623899217,,
nonnegative_nnmf,non-convex,0.10488705697470582,,False,0.0,0.0,0.0,2,1.4974644133681272,DebiasConvex,1,20,20,1.0,0.2,0.2,-0.09511294302529419,block,intermittent,nnmf,False,-0.0,39.511302770837574,1.0,6.582214322323197,,
final_clip,non-convex,0.15945036040254884,,False,0.0,0.0,0.0,10,1.5315936578857923,DebiasConvex,1,20,20,1.0,0.2,0.2,-0.04054963959745117,block,intermittent,,,,,,,0.16330769362380815,-0.003857333221259307
raw,non-convex,0.29341316045124277,0.10412356186963284,True,1.091838915524357,0.0,0.0,2,1.0167636936020514,DebiasConvex,0,20,20,1.0,0.2,0.2,0.09341316045124276,sparse,dense,,,,,,,,
nonnegative_svd,non-convex,0.29341316045124277,,False,1.091838915524357,0.0,0.0,2,1.0167636936020514,DebiasConvex,0,20,20,1.0,0.2,0.2,0.09341316045124276,sparse,dense,svd,False,-0.0,45.89028908667699,1.0,14.162441077644475,,
nonnegative_nnmf,non-convex,0.293302718202027,,False,1.087111625621846,0.0,0.0,2,1.016763497780409,DebiasConvex,0,20,20,1.0,0.2,0.2,0.09330271820202701,sparse,dense,nnmf,False,-0.0,45.89174938605187,1.0,14.162455209595407,,
final_clip,non-convex,0.29341316045124277,,False,1.091838915524357,0.0,0.0,2,1.0167636936020514,DebiasConvex,0,20,20,1.0,0.2,0.2,0.09341316045124276,sparse,dense,,,,,,,0.29341316045124277,0.0
raw,non-convex,0.5111422473220772,0.13774137201783943,True,0.7565802270420393,0.0,0.0,2,1.0218111804341132,DebiasConvex,1,20,20,1.0,0.2,0.2,0.31114224732207724,sparse,dense,,,,,,,,
nonnegative_svd,non-convex,0.5111422473220772,,False,0.7565802270420393,0.0,0.0,2,1.0218111804341132,DebiasConvex,1,20,20,1.0,0.2,0.2,0.31114224732207724,sparse,dense,svd,False,-0.0,43.222025480668286,1.0,17.09871989563996,,
nonnegative_nnmf,non-convex,0.5110317168790854,,False,0.767209773093489,0.0,0.0,2,1.0218015463755847,DebiasConvex,1,20,20,1.0,0.2,0.2,0.31103171687908543,sparse,dense,nnmf,False,-0.0,43.2208279059955,1.0,17.098732148456918,,
final_clip,non-convex,0.5111422473220771,,False,0.7565802270420393,0.0,0.0,2,1.0218111804341132,DebiasConvex,1,20,20,1.0,0.2,0.2,0.3111422473220771,sparse,dense,,,,,,,0.5111422473220772,-1.1102230246251565e-16
raw,non-convex,0.11805137746804564,0.06713480321484487,True,-0.6620183010066875,0.0575,5.099768410011942,2,1.3703032042824808,DebiasConvex,0,20,20,1.0,0.2,0.2,-0.08194862253195437,sparse,intermittent,,,,,,,,
nonnegative_svd,non-convex,0.092022054217666,,False,0.0,0.0,0.0,9,1.3385984635854813,DebiasConvex,0,20,20,1.0,0.2,0.2,-0.10797794578233401,sparse,intermittent,svd,False,-0.0,23753060114992.734,1.0,12.366692476939054,,
nonnegative_nnmf,non-convex,0.04140137723421818,,False,0.0,0.0,0.0,2,1.3179947255230384,DebiasConvex,0,20,20,1.0,0.2,0.2,-0.15859862276578182,sparse,intermittent,nnmf,False,-0.0,44.252594258082155,1.0,12.542065208763336,,
final_clip,non-convex,0.10081618532251223,,False,0.0,0.0,0.0,9,1.3394411362346441,DebiasConvex,0,20,20,1.0,0.2,0.2,-0.09918381467748778,sparse,intermittent,,,,,,,0.11805137746804564,-0.017235192145533415
raw,non-convex,0.36650118371899115,0.08360840092048251,True,-0.5432195175132521,0.13,8.232175550669453,2,1.5714214884521356,DebiasConvex,1,20,20,1.0,0.2,0.2,0.16650118371899114,sparse,intermittent,,,,,,,,
nonnegative_svd,non-convex,0.3284727492688658,,False,0.0,0.0,0.0,9,1.5114459996778233,DebiasConvex,1,20,20,1.0,0.2,0.2,0.12847274926886582,sparse,intermittent,svd,False,-0.0,17.710931802153045,1.0,11.975939286467538,,
nonnegative_nnmf,non-convex,0.30365057018283353,,False,0.0,0.0,0.0,2,1.4807594931979602,DebiasConvex,1,20,20,1.0,0.2,0.2,0.10365057018283352,sparse,intermittent,nnmf,False,-0.0,47.85847294795042,1.0,12.121156752259429,,
final_clip,non-convex,0.33920534612066594,,False,0.0,0.0,0.0,9,1.513629822131644,DebiasConvex,1,20,20,1.0,0.2,0.2,0.13920534612066593,sparse,intermittent,,,,,,,0.36650118371899115,-0.027295837598325212
raw,non-convex,0.06423982911745169,0.12673688142080053,True,1.6134826053177274,0.0,0.0,2,1.0362986256365962,DebiasConvex,0,20,20,1.0,0.2,0.2,-0.13576017088254833,row,dense,,,,,,,,
nonnegative_svd,non-convex,0.06423980333481036,,False,1.6134826092715897,0.0,0.0,2,1.0362986255225328,DebiasConvex,0,20,20,1.0,0.2,0.2,-0.13576019666518965,row,dense,svd,False,-0.0,23.15003849686297,1.0,13.318014380245401,,
nonnegative_nnmf,non-convex,0.06382940530429763,,False,1.6213910892829093,0.0,0.0,2,1.036285050884374,DebiasConvex,0,20,20,1.0,0.2,0.2,-0.13617059469570236,row,dense,nnmf,False,-0.0,23.14973025306393,1.0,13.318023570683264,,
final_clip,non-convex,0.06423982911745169,,False,1.6134826053177274,0.0,0.0,2,1.0362986256365962,DebiasConvex,0,20,20,1.0,0.2,0.2,-0.13576017088254833,row,dense,,,,,,,0.06423982911745169,0.0
raw,non-convex,0.011536728923801925,0.11998925145088417,True,1.6288513731285903,0.0,0.0,2,1.0220007135840665,DebiasConvex,1,20,20,1.0,0.2,0.2,-0.1884632710761981,row,dense,,,,,,,,
nonnegative_svd,non-convex,0.011536725725398957,,False,1.62885137719795,0.0,0.0,2,1.0220007135733609,DebiasConvex,1,20,20,1.0,0.2,0.2,-0.18846327427460105,row,dense,svd,False,-0.0,23.073830894827537,1.0,10.933705298229755,,
nonnegative_nnmf,non-convex,0.01117949527027154,,False,1.6376959060428211,0.0,0.0,2,1.021989952458481,DebiasConvex,1,20,20,1.0,0.2,0.2,-0.18882050472972847,row,dense,nnmf,False,-0.0,23.075904248653814,1.0,10.933715414027555,,
final_clip,non-convex,0.01153672892380192,,False,1.6288513731285903,0.0,0.0,2,1.0220007135840665,DebiasConvex,1,20,20,1.0,0.2,0.2,-0.1884632710761981,row,dense,,,,,,,0.011536728923801925,-5.204170427930421e-18
raw,non-convex,0.4497529836792543,0.0578722800022979,True,-1.3774041420669085,0.2175,26.17597350005333,2,1.4789753622166157,DebiasConvex,0,20,20,1.0,0.2,0.2,0.2497529836792543,row,intermittent,,,,,,,,
nonnegative_svd,non-convex,0.2853668686984699,,False,0.0,0.0,0.0,10,1.3335154442728891,DebiasConvex,0,20,20,1.0,0.2,0.2,0.08536686869846988,row,intermittent,svd,False,-0.0,9.570983098090583,1.0,9.055959795882037,,
nonnegative_nnmf,non-convex,0.20850046305394215,,False,0.0,0.0,0.0,2,1.3614842578391002,DebiasConvex,0,20,20,1.0,0.2,0.2,0.008500463053942142,row,intermittent,nnmf,False,-0.0,35.200289458045944,1.0,9.709528959026636,,
final_clip,non-convex,0.35709169710950606,,False,0.0,0.0,0.0,14,1.3092209648154145,DebiasConvex,0,20,20,1.0,0.2,0.2,0.15709169710950605,row,intermittent,,,,,,,0.4497529836792543,-0.09266128656974826
raw,non-convex,0.27811517752750253,0.11074743398055208,True,-0.5253130574040166,0.0875,4.9096545462273635,2,1.5938035642581005,DebiasConvex,1,20,20,1.0,0.2,0.2,0.07811517752750252,row,intermittent,,,,,,,,
nonnegative_svd,non-convex,0.19588003139092267,,False,0.0,0.0,0.0,9,1.5520040002424091,DebiasConvex,1,20,20,1.0,0.2,0.2,-0.004119968609077346,row,intermittent,svd,False,-0.0,12.403748834170795,1.0,11.029756800566282,,
nonnegative_nnmf,non-convex,0.11984252263052744,,False,0.0,0.0,0.0,2,1.5234489740588695,DebiasConvex,1,20,20,1.0,0.2,0.2,-0.08015747736947257,row,intermittent,nnmf,False,-0.0,25.338709773958573,1.0,11.113984143219934,,
final_clip,non-convex,0.24743544443466273,,False,0.0,0.0,0.0,11,1.556658827886646,DebiasConvex,1,20,20,1.0,0.2,0.2,0.047435444434662716,row,intermittent,,,,,,,0.27811517752750253,-0.030679733092839806
raw,non-convex,-0.12370634997793349,0.11660062510841333,True,0.7120614002563495,0.0,0.0,2,1.0463766603597267,DebiasConvex,0,20,20,1.0,0.2,0.2,-0.3237063499779335,staggered,dense,,,,,,,,
nonnegative_svd,non-convex,-0.12370638264269744,,False,0.7120614051660541,0.0,0.0,2,1.0463766601210214,DebiasConvex,0,20,20,1.0,0.2,0.2,-0.32370638264269747,staggered,dense,svd,False,-0.0,22.6166010454359,1.0,10.97095355359983,,
nonnegative_nnmf,non-convex,-0.12376588713471477,,False,0.7117783724767833,0.0,0.0,2,1.0463682447780396,DebiasConvex,0,20,20,1.0,0.2,0.2,-0.32376588713471477,staggered,dense,nnmf,False,-0.0,22.617264510917117,1.0,10.970956797984007,,
final_clip,non-convex,-0.1237063499779335,,False,0.7120614002563495,0.0,0.0,2,1.0463766603597267,DebiasConvex,0,20,20,1.0,0.2,0.2,-0.3237063499779335,staggered,dense,,,,,,,-0.12370634997793349,-1.3877787807814457e-17
raw,non-convex,0.5108147064739154,0.19972192487125903,True,1.745028729462691,0.0,0.0,2,1.0329779991415367,DebiasConvex,1,20,20,1.0,0.2,0.2,0.31081470647391535,staggered,dense,,,,,,,,
nonnegative_svd,non-convex,0.510814598951579,,False,1.745028773660129,0.0,0.0,2,1.0329779987691838,DebiasConvex,1,20,20,1.0,0.2,0.2,0.310814598951579,staggered,dense,svd,False,-0.0,25.649333034284165,1.0,21.17490752395826,,
nonnegative_nnmf,non-convex,0.5104987545790745,,False,1.7572606047356951,0.0,0.0,2,1.0329634866759143,DebiasConvex,1,20,20,1.0,0.2,0.2,0.31049875457907444,staggered,dense,nnmf,False,-0.0,25.6440721328129,1.0,21.174921632213348,,
final_clip,non-convex,0.5108147064739154,,False,1.745028729462691,0.0,0.0,2,1.0329779991415367,DebiasConvex,1,20,20,1.0,0.2,0.2,0.31081470647391535,staggered,dense,,,,,,,0.5108147064739154,0.0
raw,non-convex,0.7472230053488234,0.07747716281400681,True,-2.0873471177954834,0.2975,48.99379463766114,2,1.4083738932455612,DebiasConvex,0,20,20,1.0,0.2,0.2,0.5472230053488234,staggered,intermittent,,,,,,,,
nonnegative_svd,non-convex,0.3606294325313022,,False,0.0,0.0,0.0,12,1.2164053636484982,DebiasConvex,0,20,20,1.0,0.2,0.2,0.16062943253130219,staggered,intermittent,svd,False,-0.0,8.8460748836455,1.0,10.582535282543134,,
nonnegative_nnmf,non-convex,0.2568568055030023,,False,0.0,0.0,0.0,2,1.2633962977193713,DebiasConvex,0,20,20,1.0,0.2,0.2,0.05685680550300226,staggered,intermittent,nnmf,False,-0.0,33.70008922239416,1.0,12.323059538633977,,
final_clip,non-convex,0.5010986886305298,,False,0.0,0.0,0.0,15,1.216855343260406,DebiasConvex,0,20,20,1.0,0.2,0.2,0.30109868863052974,staggered,intermittent,,,,,,,0.7472230053488234,-0.2461243167182936
raw,non-convex,0.3884461510910071,0.05561478559161928,True,-0.6369737189257015,0.295,15.22661632088936,2,1.3265172718095115,DebiasConvex,1,20,20,1.0,0.2,0.2,0.1884461510910071,staggered,intermittent,,,,,,,,
nonnegative_svd,non-convex,0.2677657547635452,,False,0.0,0.0,0.0,15,1.2810523972507974,DebiasConvex,1,20,20,1.0,0.2,0.2,0.06776575476354518,staggered,intermittent,svd,False,-0.0,1.0715888754441987,1.0,8.58399542071757,,
nonnegative_nnmf,non-convex,0.2212789311198944,,False,0.0,0.0,0.0,2,1.269679232718514,DebiasConvex,1,20,20,1.0,0.2,0.2,0.0212789311198944,staggered,intermittent,nnmf,False,-0.0,44.86328648335118,1.0,8.93136798148363,,
final_clip,non-convex,0.3179907817861539,,False,0.0,0.0,0.0,14,1.284133987101793,DebiasConvex,1,20,20,1.0,0.2,0.2,0.11799078178615391,staggered,intermittent,,,,,,,0.3884461510910071,-0.07045536930485319
